﻿<?xml version="1.0" encoding="utf-8" ?>
<hibernate-mapping xmlns="urn:nhibernate-mapping-2.0">
  <!-- region BiddingDefine (Customizable code) -->
  <class name="AgriMore.Logistics.Domain.AddOnsDefine, AgriMore.Logistics.Domain" table="AddOnsDefine" lazy="false">
    <cache usage="read-write"/>
    <!-- endregion BiddingDefine (Customizable code) -->

    <!-- region Id (Customizable code) -->
    <id name="Uid" column="Uid" type="Int64" unsaved-value="0" access="field.camelcase">
      <generator class="identity"/>
    </id>
    <!-- endregion Id (Customizable code) -->

    <!-- region AddOnsDesc (Customizable code) -->
    <property name="AddOnsDesc" type="String" not-null="true" access="field.camelcase"/>
    <!-- endregion AddOnsDesc, Required (Customizable code) -->

	  <!-- region AddOnsDesc (Customizable code) -->
	  <property name="Gs1Code" type="String" not-null="false" access="field.camelcase"/>
	  <!-- endregion AddOnsDesc, Required (Customizable code) -->
	  
	  <!-- region AddOnsDesc (Customizable code) -->
	  <property name="LedgerCode" type="String" not-null="false" access="field.camelcase"/>
	  <!-- endregion AddOnsDesc, Required (Customizable code) -->
	  
	  <!-- region AddOnsDesc (Customizable code) -->
	  <property name="OtherCode" type="String" not-null="false" access="field.camelcase"/>
	  <!-- endregion AddOnsDesc, Required (Customizable code) -->

    <!-- region WithoutPackPrice (Customizable code) -->
    <property name="WithoutPackPrice" type="Decimal" not-null="false" access="field.camelcase"/>
    <!-- endregion WithoutPackPrice, Required (Customizable code) -->

    <!-- region Currency (Customizable code) -->
    <property name="Currency" type="String" not-null="false" access="field.camelcase"/>
    <!-- endregion Currency, Required (Customizable code) -->
	  
	  <!-- region AutomaticallyUpdateWithNewOrganizations (Customizable code) -->
	  <property name="AutomaticallyUpdateWithNewOrganizations" type="Boolean" not-null="true" access="field.camelcase"/>
	  <!-- endregion AutomaticallyUpdateWithNewOrganizations (Customizable code) -->

	  <!-- region AutomaticallyUpdateWithNewProducts (Customizable code) -->
	  <property name="AutomaticallyUpdateWithNewProducts" type="Boolean" not-null="true" access="field.camelcase"/>
	  <!-- endregion AutomaticallyUpdateWithNewProducts (Customizable code) -->

    <!-- region AdminGroup (Customizable code) -->
    <many-to-one name="AdminGroup" class="AgriMore.Logistics.Domain.Organization, AgriMore.Logistics.Domain" cascade="none" access="field.camelcase">
      <column name="AdminGroupId" />
    </many-to-one>
    <!-- endregion AdminGroup (Customizable code) -->

    <!-- region ForProducts (Customizable code) -->
    <set name="ForProducts" table="ProductAddOns" cascade="save-update" lazy="true" batch-size="100" access="field.camelcase">
      <key>
        <column name="AddOnsId"/>
      </key>
      <many-to-many class="AgriMore.Logistics.Domain.Species, AgriMore.Logistics.Domain">
        <column name="ProductId"/>
      </many-to-many>
    </set>
    <!-- endregion ForProducts (Customizable code) -->

	  <!-- region ForProducts (Customizable code) -->
	  <set name="ForAvailableProducts" table="AddonsDefineAvailableProducts" cascade="save-update" lazy="true" batch-size="100" access="field.camelcase">
		  <key>
			  <column name="AddOnsId"/>
		  </key>
		  <many-to-many class="AgriMore.Logistics.Domain.Species, AgriMore.Logistics.Domain">
			  <column name="ProductId"/>
		  </many-to-many>
	  </set>
	  <!-- endregion ForProducts (Customizable code) -->

    <!-- region ForOrganizations (Customizable code) -->
    <set name="ForOrganizations" table="AddonsOrganization" cascade="none" lazy="true" batch-size="100" access="field.camelcase">
      <key>
        <column name="AddOnsId"/>
      </key>
      <many-to-many class="AgriMore.Logistics.Domain.Organization, AgriMore.Logistics.Domain">
        <column name="OrgId"/>
      </many-to-many>
    </set>
    <!-- endregion ForOrganizations (Customizable code) -->

	  <!-- region ForOrganizations (Customizable code) -->
	  <set name="ForAvailableOrganizations" table="AddonsAvailableOrganization" cascade="none" lazy="true" batch-size="100" access="field.camelcase">
		  <key>
			  <column name="AddOnsId"/>
		  </key>
		  <many-to-many class="AgriMore.Logistics.Domain.Organization, AgriMore.Logistics.Domain">
			  <column name="OrgId"/>
		  </many-to-many>
	  </set>
	  <!-- endregion ForOrganizations (Customizable code) -->

    <!-- region AddOnsDefLangs, Composite (Customizable code) -->
    <set name="AddOnsDefLangs" cascade="all-delete-orphan" lazy="true" batch-size="100" access="field.camelcase">
      <cache usage="read-write"/>
      <key>
        <column name="AddOnId" />
      </key>
      <one-to-many class="AgriMore.Logistics.Domain.AddOnsDefineLang, AgriMore.Logistics.Domain"/>
    </set>
    <!-- endregion AddOnsDefLangs, Composite (Customizable code) -->
  </class>
</hibernate-mapping>