﻿<?xml version="1.0" encoding="utf-8" ?>
<hibernate-mapping xmlns="urn:nhibernate-mapping-2.0">
  <!-- region AddOnCorrection (Customizable code) -->
  <class name="AgriMore.Logistics.Domain.AddOnCorrection, AgriMore.Logistics.Domain" table="`AddOnCorrection`" lazy="false">
    <cache usage="read-write"/>
    <!-- endregion AddOnCorrection (Customizable code) -->

    <!-- region Id (Customizable code) -->
    <id name="Uid" column="Uid" type="Int64" unsaved-value="0" access="field.camelcase">
      <generator class="identity"/>
    </id>
    <!-- endregion Id (Customizable code) -->

    <!-- region NumberOfAddOns (Customizable code) -->
    <property name="NumberOfAddOns" type="Int32" access="field.camelcase"/>
    <!-- endregion NumberOfAddOns (Customizable code) -->

    <!-- region Price (Customizable code) -->
    <property name="Price" type="Decimal" access="field.camelcase"/>
    <!-- endregion Price (Customizable code) -->

    <!-- region Vat (Customizable code) -->
    <property name="Vat" type="Int32" access="field.camelcase"/>
    <!-- endregion Vat (Customizable code) -->

    <!-- region VatText (Customizable code) -->
    <property name="VatText" type="String" access="field.camelcase"/>
    <!-- endregion VatText (Customizable code) -->

    <!-- region ForProdId (Customizable code) -->
    <property name="ForProdId" type="Int64" access="field.camelcase"/>
    <!-- endregion ForProdId (Customizable code) -->

    <!-- region AddOn (Customizable code) -->
    <many-to-one name="AddOn" class="AgriMore.Logistics.Domain.AddOnsDefine, AgriMore.Logistics.Domain" access="field.camelcase">
      <column name="AddOnId"  not-null="true" />
    </many-to-one>
    <!-- endregion AddOn (Customizable code) -->

    <!-- region CrtPack (Customizable code) -->
    <many-to-one name="CrtPack" class="AgriMore.Logistics.Domain.PackageCorrection, AgriMore.Logistics.Domain" access="field.camelcase">
      <column name="CrtPackId"  not-null="false" />
    </many-to-one>
    <!-- endregion CrtPack (Customizable code) -->

    <!-- region ForInvoice (Customizable code) -->
    <many-to-one name="ForInvoice" class="AgriMore.Logistics.Domain.Invoicing, AgriMore.Logistics.Domain" access="field.camelcase">
      <column name="InvId"  not-null="true" />
    </many-to-one>
    <!-- endregion ForInvoice (Customizable code) -->
  </class>
</hibernate-mapping>