﻿<?xml version="1.0" encoding="utf-8" ?>
<hibernate-mapping xmlns="urn:nhibernate-mapping-2.0">
  <!-- region BiddingDefine (Customizable code) -->
  <class name="AgriMore.Logistics.Domain.AddonsConfirmed, AgriMore.Logistics.Domain" table="AddonsConfirmed" lazy="false">
    <cache usage="read-write"/>
    <!-- endregion BiddingDefine (Customizable code) -->

    <!-- region Id (Customizable code) -->
    <id name="Uid" column="Uid" type="Int64" unsaved-value="0" access="field.camelcase">
      <generator class="identity"/>
    </id>
    <!-- endregion Id (Customizable code) -->

    <!-- region Amount (Customizable code) -->
    <property name="Amount" type="Int64" not-null="false" access="field.camelcase"/>
    <!-- endregion Amount (Customizable code) -->

    <!-- region DebitVat (Customizable code) -->
    <property name="DebitVat" type="Int32" not-null="false" access="field.camelcase"/>
    <!-- endregion DebitVat (Customizable code) -->

    <!-- region DebitVatText (Customizable code) -->
    <property name="DebitVatText" type="string" not-null="false" access="field.camelcase"/>
    <!-- endregion DebitVatText (Customizable code) -->

    <!-- region CreditVat (Customizable code) -->
    <property name="CreditVat" type="Int32" not-null="false" access="field.camelcase"/>
    <!-- endregion CreditVat (Customizable code) -->

    <!-- region CreditVatText (Customizable code) -->
    <property name="CreditVatText" type="string" not-null="false" access="field.camelcase"/>
    <!-- endregion CreditVatText (Customizable code) -->

    <!-- region AddOns (Customizable code) -->
    <many-to-one name="AddOns" class="AgriMore.Logistics.Domain.AddOnsDefine, AgriMore.Logistics.Domain" cascade="save-update" access="field.camelcase">
      <column name="AddOnsId" />
    </many-to-one>
    <!-- endregion AddOns, Required (Customizable code) -->

    <!-- region PackConfirmed (Customizable code) -->
    <many-to-one name="PackConfirmed" class="AgriMore.Logistics.Domain.PackingConfirmed, AgriMore.Logistics.Domain" cascade="save-update" access="field.camelcase">
      <column name="PackConfirmId" />
    </many-to-one>
    <!-- endregion PackConfirmed, Required (Customizable code) -->

    <!-- region ProdConfirmed (Customizable code) -->
    <many-to-one name="ProdConfirmed" class="AgriMore.Logistics.Domain.ProductSupplyForecast, AgriMore.Logistics.Domain" cascade="save-update" access="field.camelcase">
      <column name="ProdConfirmId" />
    </many-to-one>
    <!-- endregion ProdConfirmed (Customizable code) -->
  </class>
</hibernate-mapping>