﻿<?xml version="1.0" encoding="utf-8" ?>
<hibernate-mapping xmlns="urn:nhibernate-mapping-2.0">
  <!-- region AddOnsDefineLang (Customizable code) -->
  <class name="AgriMore.Logistics.Domain.AddOnsDefineLang, AgriMore.Logistics.Domain" table="AddOnsDefine_Lang" lazy="false">
    <cache usage="read-write"/>
    <!-- endregion AddOnsDefineLang (Customizable code) -->

    <!-- region Id (Customizable code) -->
    <id name="Uid" column="Uid" type="Int64" unsaved-value="0" access="field.camelcase">
      <generator class="identity"/>
    </id>
    <!-- endregion Id (Customizable code) -->

    <!-- region Name (Customizable code) -->
    <property name="Name" type="String" not-null="true" access="field.camelcase"/>
    <!-- endregion Name, Required (Customizable code) -->

    <!-- region LangCode (Customizable code) -->
    <property name="LangCode" type="String" not-null="true" access="field.camelcase"/>
    <!-- endregion LangCode, Required (Customizable code) -->

    <!-- region AddOns (Customizable code) -->
    <many-to-one name="AddOns" class="AgriMore.Logistics.Domain.AddOnsDefine, AgriMore.Logistics.Domain" cascade="save-update" access="field.camelcase">
      <column name="AddOnId" />
    </many-to-one>
    <!-- endregion AddOns (Customizable code) -->
  </class>
</hibernate-mapping>