﻿<?xml version="1.0" encoding="utf-8" ?>
<hibernate-mapping xmlns="urn:nhibernate-mapping-2.0">
  <!-- region AddOnDefineOrg (Customizable code) -->
  <class name="AgriMore.Logistics.Domain.AddOnDefineOrg, AgriMore.Logistics.Domain" table="AddOnsOrganization" lazy="false">
    <cache usage="read-write"/>
    <!-- endregion AddOnDefineOrg (Customizable code) -->

    <!-- region Id (Customizable code) -->
    <id name="Uid" column="Uid" type="Int64" unsaved-value="0" access="field.camelcase">
      <generator class="identity"/>
    </id>

    <!-- region AddOnsId (Customizable code) -->
    <many-to-one name="AddOnsDefine" class="AgriMore.Logistics.Domain.AddOnsDefine, AgriMore.Logistics.Domain" access="field.camelcase">
      <column name="AddOnsId" />
    </many-to-one>
    <!-- endregion AddOnsId (Customizable code) -->

    <!-- region Organization (Customizable code) -->
    <many-to-one name="Organization" class="AgriMore.Logistics.Domain.Organization, AgriMore.Logistics.Domain" access="field.camelcase">
      <column name="OrgId" />
    </many-to-one>
    <!-- endregion Organization (Customizable code) -->

    <!-- region IsSelected (Customizable code) -->
    <property name="IsSelected" type="Int64" not-null="false" access="field.camelcase"/>
    <!-- endregion IsSelected (Customizable code) -->

  </class>
</hibernate-mapping>