<?xml version="1.0" encoding="utf-8" ?>
<hibernate-mapping xmlns="urn:nhibernate-mapping-2.0">
  <!-- region Address (Customizable code) -->
  <class name="AgriMore.Logistics.Domain.Address, AgriMore.Logistics.Domain" table="`Address`" lazy="false">
    <cache usage="read-write"/>
    <!-- endregion Address (Customizable code) -->

    <!-- region Id (Customizable code) -->
    <id name="Uid" column="Uid" type="Int64" unsaved-value="0" access="field.camelcase">
      <generator class="identity"/>
    </id>
    <!-- endregion Id (Customizable code) -->

    <!-- region City (Customizable code) -->
    <property name="City" type="String" access="field.camelcase"/>
    <!-- endregion City (Customizable code) -->

    <!-- region Email (Customizable code) -->
    <property name="Email" type="String" access="field.camelcase"/>
    <!-- endregion Email (Customizable code) -->

    <!-- region Fax (Customizable code) -->
    <property name="Fax" type="String" access="field.camelcase"/>
    <!-- endregion Fax (Customizable code) -->

    <!-- region NumberExtension (Customizable code) -->
    <property name="NumberExtension" type="String" access="field.camelcase"/>
    <!-- endregion NumberExtension (Customizable code) -->

    <!-- region StateProvence (Customizable code) -->
    <property name="StateProvence" type="String" access="field.camelcase"/>
    <!-- endregion StateProvence (Customizable code) -->

    <!-- region StreetName (Customizable code) -->
    <property name="StreetName" type="String" access="field.camelcase"/>
    <!-- endregion StreetName (Customizable code) -->

    <!-- region StreetNumber (Customizable code) -->
    <property name="StreetNumber" type="String" access="field.camelcase"/>
    <!-- endregion StreetNumber (Customizable code) -->

    <!-- region Telephone (Customizable code) -->
    <property name="Telephone" type="String" access="field.camelcase"/>
    <!-- endregion Telephone (Customizable code) -->

    <!-- region ZipCode (Customizable code) -->
    <property name="ZipCode" type="String" access="field.camelcase"/>
    <!-- endregion ZipCode (Customizable code) -->

    <property name="GpsCoordinate" column="GpsCoordinate" type="String"/>

    <!-- region Country, Required, Indexed (Customizable code) -->
    <many-to-one name="Country" class="AgriMore.Logistics.Domain.Country, AgriMore.Logistics.Domain" cascade="save-update" access="field.camelcase">
      <column name="CountryId"  not-null="true" index="NDX_Address_Country"/>
    </many-to-one>
    <!-- endregion Country, Required, Indexed (Customizable code) -->

    <!-- region TimeZone, Required, Indexed (Customizable code) -->
    <many-to-one name="TimeZone" class="AgriMore.Logistics.Domain.AgriMoreTimeZone, AgriMore.Logistics.Domain" cascade="save-update" access="field.camelcase">
      <column name="TimeZoneId"  not-null="true" index="NDX_Address_TimeZone"/>
    </many-to-one>
    <!-- endregion TimeZone, Required, Indexed (Customizable code) -->

    <!-- region ChainEntity (Customizable code) -->
    <many-to-one name="ChainEntity" class="AgriMore.Logistics.Domain.ChainEntity, AgriMore.Logistics.Domain" cascade="save-update" access="field.camelcase">
      <column name="ChainEntityId"/>
    </many-to-one>
    <!-- endregion ChainEntity (Customizable code) -->

    <!-- region Locations, Composite (Customizable code) -->
    <set name="Locations" cascade="all-delete-orphan" lazy="true" batch-size="100" access="field.camelcase">
      <cache usage="read-write"/>
      <key>
        <column name="AddressId" index="NDX_Address_Locations"/>
      </key>
      <one-to-many class="AgriMore.Logistics.Domain.Location, AgriMore.Logistics.Domain"/>
    </set>
    <!-- endregion Locations, Composite (Customizable code) -->

    <!-- region CashRegisters, Composite (Customizable code) -->
    <set name="CashRegisters" cascade="all-delete-orphan" lazy="true" batch-size="100" access="field.camelcase">
      <cache usage="read-write"/>
      <key>
        <column name="AddressId" index="NDX_Address_CashRegisters"/>
      </key>
      <one-to-many class="AgriMore.Logistics.Domain.CashRegister, AgriMore.Logistics.Domain"/>
    </set>
    <!-- endregion CashRegisters, Composite (Customizable code) -->
  </class>
</hibernate-mapping>