﻿<?xml version="1.0" encoding="utf-8" ?>
<hibernate-mapping xmlns="urn:nhibernate-mapping-2.0">
  <!-- region AdminRole (Customizable code) -->
  <class name="AgriMore.Logistics.Domain.AdminRole, AgriMore.Logistics.Domain" table="`AdminRole`" lazy="false">
    <cache usage="read-write"/>
    <!-- endregion AdminRole (Customizable code) -->

    <!-- region Admin Role Id (Customizable code) -->
    <id name="Uid" column="RoleName" type="String" length="40" access="field.camelcase">
      <generator class="assigned"/>
    </id>
    <!-- endregion Admin Role Id (Customizable code) -->

    <!-- region RoleDesc, Required (Customizable code) -->
    <property name="RoleDesc" type="String" not-null="true" length="120"  access="field.camelcase"/>
    <!-- endregion RoleDesc, Required (Customizable code) -->

    <!-- region Roles (Customizable code) -->
    <set name="Roles" table="RoleMapping" cascade="save-update" lazy="true" batch-size="100" access="field.camelcase">
      <key>
        <column name="RoleName"/>
      </key>
      <many-to-many class="AgriMore.Logistics.Domain.Role, AgriMore.Logistics.Domain">
        <column name="RoleId"/>
      </many-to-many>
    </set>
    <!-- endregion Roles (Customizable code) -->
  </class>
</hibernate-mapping>