﻿<?xml version="1.0" encoding="utf-8" ?>
<hibernate-mapping xmlns="urn:nhibernate-mapping-2.0">
  <!-- region AdminUser (Customizable code) -->
<class name="AgriMore.Logistics.Domain.AdminUser, AgriMore.Logistics.Domain" table="`AdminUser`" lazy="false">
  <cache usage="read-write"/>
  <!-- endregion AdminUser (Customizable code) -->

    <!-- region Admin User Id (Customizable code) -->
    <id name="Uid" column="UserName" type="String" length="24" access="field.camelcase">
      <generator class="assigned"/>
    </id>
    <!-- endregion Admin User Id (Customizable code) -->

    <!-- region FullName, Required (Customizable code) -->
    <property name="FullName" type="String" not-null="true" length="510"  access="field.camelcase"/>
    <!-- endregion FullName, Required (Customizable code) -->

    <!-- region Phone (Customizable code) -->
    <property name="Phone" type="String" length="25" access="field.camelcase"/>
    <!-- endregion Phone (Customizable code) -->

    <!-- region Mobile (Customizable code) -->
    <property name="Mobile" type="String" length="25" access="field.camelcase"/>
    <!-- endregion Mobile (Customizable code) -->

    <!-- region Email (Customizable code) -->
    <property name="Email" type="String" length="50" access="field.camelcase"/>
    <!-- endregion Email (Customizable code) -->

    <!-- region UserLock (Customizable code) -->
    <property name="UserLock" type="Int32" access="field.camelcase"/>
    <!-- endregion UserLock (Customizable code) -->

    <many-to-one name="Organization" column="OrgId" access="property" class="AgriMore.Logistics.Domain.Organization, AgriMore.Logistics.Domain" />

    <!-- region Users (Customizable code) -->
    <set name="Users" table="UserMapping" cascade="save-update" lazy="true" batch-size="100" access="field.camelcase">
      <key>
        <column name="UserName"/>
      </key>
      <many-to-many class="AgriMore.Logistics.Domain.User, AgriMore.Logistics.Domain">
        <column name="UserId"/>
      </many-to-many>
    </set>
    <!-- endregion Users (Customizable code) -->
  </class>
</hibernate-mapping>