﻿<?xml version="1.0" encoding="utf-8" ?>
<hibernate-mapping xmlns="urn:nhibernate-mapping-2.0">
  <class name="AgriMore.Logistics.Domain.AgreementPurchase4CompositeProductSellerOffer, AgriMore.Logistics.Domain" table="AgreementPurchase4CompositeProduct_SellerOffer" lazy="false">
    <id name="Uid" column="Uid" type="Int64" unsaved-value="0">
      <generator class="identity"/>
    </id>

    <property name="OfferPrice" type="Decimal" not-null="true" />
    <property name="Currency" type="String" not-null="true" />
    <property name="OfferAt" type="DateTime" not-null="true" />
    <property name="SellerId" type="String" not-null="true" />

    <many-to-one name="AgmtPurchase" class="AgriMore.Logistics.Domain.AgreementPurchase4CompositeProduct, AgriMore.Logistics.Domain">
      <column name="AgmtPurchaseCompositeProdId" />
    </many-to-one>

    <bag name="OfferPriceDetails" cascade="all-delete-orphan" lazy="true" batch-size="100" access="field.camelcase" inverse="true">
      <key>
        <column name="AgmtPurchaseCompositeProdSellerOfferId"/>
      </key>
      <one-to-many class="AgriMore.Logistics.Domain.AgreementPurchase4CompositeProductSellerOfferDetail, AgriMore.Logistics.Domain"/>
    </bag>
    
  </class>
</hibernate-mapping>