﻿<?xml version="1.0" encoding="utf-8" ?>
<hibernate-mapping xmlns="urn:nhibernate-mapping-2.0">
  <!-- region PackageType (Customizable code) -->
  <class name="AgriMore.Logistics.Domain.AgreementPurchaseSellerOffer, AgriMore.Logistics.Domain" table="`AgreementPurchase_SellerOffer`" lazy="false">
    <cache usage="read-write"/>
    <!-- endregion PackageType (Customizable code) -->

    <!-- region Id (Customizable code) -->
    <id name="Uid" column="Uid" type="Int64" unsaved-value="0" access="field.camelcase">
      <generator class="identity"/>
    </id>
    <!-- endregion Id (Customizable code) -->

    <!-- region OfferPrice (Customizable code) -->
    <property name="OfferPrice" type="Decimal" access="field.camelcase"/>
    <!-- endregion OfferPrice (Customizable code) -->

    <!-- region Currency (Customizable code) -->
    <property name="Currency" type="string" access="field.camelcase"/>
    <!-- endregion Currency (Customizable code) -->

    <!-- region OfferAt (Customizable code) -->
    <property name="OfferAt" type="DateTime" not-null="true" access="field.camelcase"/>
    <!-- endregion OfferAt (Customizable code) -->

    <!-- region SellerId (Customizable code) -->
    <property name="SellerId" type="string" access="field.camelcase"/>
    <!-- endregion SellerId (Customizable code) -->

    <!-- region AgmtPurchase (Customizable code) -->
    <many-to-one name="AgmtPurchase" class="AgriMore.Logistics.Domain.AgreementPurchase, AgriMore.Logistics.Domain" access="field.camelcase">
      <column name="AgreementPurchaseId" />
    </many-to-one>
    <!-- region AgmtPurchase (Customizable code) -->
  </class>
</hibernate-mapping>