﻿<?xml version="1.0" encoding="utf-8" ?>
<hibernate-mapping xmlns="urn:nhibernate-mapping-2.0">
  <!-- region DesiredAmount (Customizable code) -->
  <class name="AgriMore.Logistics.Domain.AlertMessage, AgriMore.Logistics.Domain" table="`AlertMessage`" lazy="false">
    <!-- endregion DesiredAmount (Customizable code) -->

    <!-- region Id (Customizable code) -->
    <id name="Uid" column="Uid" type="Int64" unsaved-value="0" access="field.camelcase">
      <generator class="identity"/>
    </id>
    <!-- endregion Id (Customizable code) -->

    <!-- region AlertText (Customizable code) -->
    <property name="AlertText" type="String" access="field.camelcase"/>
    <!-- endregion AlertText (Customizable code) -->

    <!-- region Status (Customizable code) -->
    <property name="Status" type="Int16" access="field.camelcase"/>
    <!-- endregion Status (Customizable code) -->

    <!-- region AlertDate (Customizable code) -->
    <property name="AlertDate" type="DateTime" not-null="true" insert="false" access="field.camelcase"/>
    <!-- endregion AlertDate, Required (Customizable code) -->
  </class>
</hibernate-mapping>