﻿<?xml version="1.0" encoding="utf-8" ?>
<hibernate-mapping xmlns="urn:nhibernate-mapping-2.0">
  <!-- region ArticleCode (Customizable code) -->
  <class name="AgriMore.Logistics.Domain.ArticleCode, AgriMore.Logistics.Domain" table="`ArticleCode`" lazy="false">
    <!-- endregion ArticleCode (Customizable code) -->

    <!-- region Id (Customizable code) -->
    <id name="Uid" column="Uid" type="Int64" unsaved-value="0" access="field.camelcase">
      <generator class="identity"/>
    </id>
    <!-- endregion Id (Customizable code) -->

    <!-- region GreenTekTradingId (Customizable code) -->
    <property name="GreenTekTradingId" type="Int64" not-null="false" access="field.camelcase"/>
    <!-- endregion GreenTekTradingId (Customizable code) -->

    <!-- region ArticleCode (Customizable code) -->
    <property name="Code" type="string" access="field.camelcase"/>
    <!-- endregion ArticleCode (Customizable code) -->

    <!-- region ArticleDesc (Customizable code) -->
    <property name="ArticleDesc" type="string" access="field.camelcase"/>
    <!-- endregion ArticleDesc (Customizable code) -->

    <!-- region TotalAmount (Customizable code) -->
    <property name="TotalAmount" type="Int32" not-null="false" access="field.camelcase"/>
    <!-- endregion TotalAmount (Customizable code) -->

    <!-- region TradingOrgId (Customizable code) -->
    <property name="TradingOrgId" type="string" access="field.camelcase"/>
    <!-- endregion TradingOrgId (Customizable code) -->

    <!-- region InsertedDate (Customizable code) -->
    <property name="InsertedDate" type="DateTime" not-null="true" access="field.camelcase"/>
    <!-- endregion InsertedDate (Customizable code) -->
  </class>
</hibernate-mapping>