﻿<?xml version="1.0" encoding="utf-8" ?>
<hibernate-mapping xmlns="urn:nhibernate-mapping-2.0">
  <!-- region AuditTrail (Customizable code) -->
  <class name="AgriMore.Logistics.Domain.AuditTrail, AgriMore.Logistics.Domain" table="`AuditTrail`" lazy="false">
    <cache usage="read-write"/>
    <!-- endregion AuditTrail (Customizable code) -->

    <!-- region Id (Customizable code) -->
    <id name="Uid" column="Uid" type="Int64" unsaved-value="0" access="field.camelcase">
      <generator class="identity"/>
    </id>
    <!-- endregion Id (Customizable code) -->

    <!-- region Date (Customizable code) -->
    <property name="Date" type="DateTime" not-null="true" access="field.camelcase"/>
    <!-- endregion Date, Required (Customizable code) -->

    <!-- region Level (Customizable code) -->
    <property name="Level" type="String" not-null="true" access="field.camelcase"/>
    <!-- endregion Level, Required (Customizable code) -->

    <!-- region OrgId (Customizable code) -->
    <property name="OrgId" type="String" not-null="true" access="field.camelcase"/>
    <!-- endregion OrgId, Required (Customizable code) -->

    <!-- region Message (Customizable code) -->
    <property name="Message" type="String" access="field.camelcase"/>
    <!-- endregion Message, Required (Customizable code) -->

    <!-- region Exception (Customizable code) -->
    <property name="Exception" type="String" access="field.camelcase"/>
    <!-- endregion Exception (Customizable code) -->
  </class>
</hibernate-mapping>