﻿<?xml version="1.0" encoding="utf-8" ?>
<hibernate-mapping xmlns="urn:nhibernate-mapping-2.0">
  <!-- region BiddingDefine (Customizable code) -->
  <class name="AgriMore.Logistics.Domain.AvailableForSaleSetting, AgriMore.Logistics.Domain" table="Available4SaleSettings" lazy="false">
    <cache usage="read-write"/>
    <!-- endregion BiddingDefine (Customizable code) -->

    <!-- region Id (Customizable code) -->
    <id name="Uid" column="Uid" type="Int64" unsaved-value="0" access="field.camelcase">
      <generator class="identity"/>
    </id>
    <!-- endregion Id (Customizable code) -->

    <!-- region ProdSupForecast (Customizable code) -->
    <many-to-one name="Product" class="AgriMore.Logistics.Domain.Species, AgriMore.Logistics.Domain" cascade="save-update" access="field.camelcase">
      <column name="ProductId" />
    </many-to-one>
    <!-- endregion ProdSupForecast (Customizable code) -->

    <!-- region ProdSupForecast (Customizable code) -->
    <many-to-one name="ProdType" class="AgriMore.Logistics.Domain.ProdType, AgriMore.Logistics.Domain" cascade="save-update" access="field.camelcase">
      <column name="ProdTypeId" />
    </many-to-one>
    <!-- endregion ProdSupForecast (Customizable code) -->

    <!-- region CategoryType (Customizable code) -->
    <many-to-one name="CatType" class="AgriMore.Logistics.Domain.CategoryType, AgriMore.Logistics.Domain" cascade="save-update" access="field.camelcase">
      <column name="CatTypeId" />
    </many-to-one>
    <!-- endregion CategoryType (Customizable code) -->

    <!-- region Category (Customizable code) -->
    <many-to-one name="Category" class="AgriMore.Logistics.Domain.Category, AgriMore.Logistics.Domain" cascade="save-update" access="field.camelcase">
      <column name="CategoryId" />
    </many-to-one>
    <!-- endregion Category (Customizable code) -->

    <!-- region AvailableFrom (Customizable code) -->
    <property name="AvailableFrom" type="DateTime" not-null="true" access="field.camelcase"/>
    <!-- endregion AvailableFrom (Customizable code) -->

    <!-- region AvailableTo (Customizable code) -->
    <property name="AvailableTo" type="DateTime" not-null="true" access="field.camelcase"/>
    <!-- endregion AvailableTo (Customizable code) -->

    <!-- region StartNDays (Customizable code) -->
    <property name="StartNDays" type="Int32" access="field.camelcase"/>
    <!-- endregion StartNDays (Customizable code) -->

    <!-- region EndNDays (Customizable code) -->
    <property name="EndNDays" type="Int32" access="field.camelcase"/>
    <!-- endregion EndNDays (Customizable code) -->

    <!-- region SettingType (Customizable code) -->
    <property name="SettingType" type="Int32" access="field.camelcase"/>
    <!-- endregion SettingType (Customizable code) -->

    <!-- region SalePeriodType (Customizable code) -->
    <property name="SalePeriodType" type="Int32" access="field.camelcase"/>
    <!-- endregion SalePeriodType (Customizable code) -->

    <!-- region AvailablePercent (Customizable code) -->
    <property name="AvailablePercent" type="Int32" not-null="true" access="field.camelcase"/>
    <!-- endregion AvailablePercent (Customizable code) -->

    <!-- region CreatedBy (Customizable code) -->
    <property name="CreatedBy" type="String" not-null="true" access="field.camelcase"/>
    <!-- endregion CreatedBy (Customizable code) -->

	  <!-- region AutomaticallyUpdateWithNew (Customizable code) -->
	  <property name="AutomaticallyUpdateWithNew" type="Boolean" not-null="true" access="field.camelcase"/>
	  <!-- endregion AutomaticallyUpdateWithNew (Customizable code) -->

	  <!-- region CreatedDate (Customizable code) -->
    <property name="CreatedDate" type="DateTime" not-null="true" access="field.camelcase"/>
    <!-- endregion CreatedDate (Customizable code) -->

    <!-- region SettingOrgId (Customizable code) -->
    <property name="SettingOrgId" type="String" not-null="false" access="field.camelcase"/>
    <!-- endregion SettingOrgId (Customizable code) -->

    <!-- region InvitedOrgs (Customizable code) -->
    <set name="SettingForOrgs" table="SettingForOrganization" cascade="none" lazy="true" batch-size="100" access="field.camelcase">
      <key>
        <column name="AvbSettingId"/>
      </key>
      <many-to-many class="AgriMore.Logistics.Domain.Organization, AgriMore.Logistics.Domain">
        <column name="OrgId"/>
      </many-to-many>
    </set>
    <!-- endregion InvitedOrgs (Customizable code) -->
	  <!-- region SettingForAvaiableOrganization (Customizable code) -->
	  <set name="SettingAvaiableForOrgs" table="SettingForAvaiableOrganization" cascade="none" lazy="true" batch-size="100" access="field.camelcase">
		  <key>
			  <column name="AvbSettingId"/>
		  </key>
		  <many-to-many class="AgriMore.Logistics.Domain.Organization, AgriMore.Logistics.Domain">
			  <column name="OrgId"/>
		  </many-to-many>
	  </set>
	  <!-- endregion SettingForAvaiableOrganization (Customizable code) -->
  </class>
</hibernate-mapping>