﻿<?xml version="1.0" encoding="utf-8" ?>
<hibernate-mapping xmlns="urn:nhibernate-mapping-2.0">
  <!-- region Organization (Customizable code) -->
  <class name="AgriMore.Logistics.Domain.BaseOrganization, AgriMore.Logistics.Domain" table="`Base_Organization`" lazy="false">
    <cache usage="read-write"/>
    <!-- endregion Organization (Customizable code) -->

    <!-- region Organization Id (Customizable code) -->
    <id name="Uid" column="Uid" type="String" length="15" access="field.camelcase">
      <generator class="assigned"/>
    </id>
    <!-- endregion Organization Id (Customizable code) -->

    <!-- region BusinessType, Required (Customizable code) -->
    <property name="BusinessType" type="String" not-null="true" length="50"  access="field.camelcase"/>
    <!-- endregion BusinessType, Required (Customizable code) -->

    <!-- region TimeZone, Required (Customizable code) -->
    <property name="TimeZone" type="String" not-null="true" length="10"  access="field.camelcase"/>
    <!-- endregion TimeZone, Required (Customizable code) -->

    <!-- region Currency (Customizable code) -->
    <property name="Currency" type="String" not-null="false" length="50"  access="field.camelcase"/>
    <!-- endregion Currency (Customizable code) -->

    <!-- region VisibleOutside (Customizable code) -->
    <property name="VisibleOutside" type="String" not-null="false" length="10"  access="field.camelcase"/>
    <!-- endregion VisibleOutside (Customizable code) -->

    <!-- region CreatedBy (Customizable code) -->
    <property name="CreatedBy" type="String" not-null="false" length="10"  access="field.camelcase"/>
    <!-- endregion CreatedBy (Customizable code) -->

    <!-- region CreatedAt (Customizable code) -->
    <property name="CreatedAt" type="DateTime" not-null="false" access="field.camelcase"/>
    <!-- endregion CreatedAt (Customizable code) -->

    <!-- region Ouid (Customizable code) -->
    <property name="Ouid" type="Int32" not-null="false" access="field.camelcase"/>
    <!-- endregion Ouid (Customizable code) -->
  </class>
</hibernate-mapping>