﻿<?xml version="1.0" encoding="utf-8" ?>
<hibernate-mapping xmlns="urn:nhibernate-mapping-2.0">
  <!-- region Organization (Customizable code) -->
  <class name="AgriMore.Logistics.Domain.BaseGroupOfOrganization, AgriMore.Logistics.Domain" table="`Base_GroupOfOrganization`" lazy="false">
    <cache usage="read-write"/>
    <!-- endregion Organization (Customizable code) -->

    <composite-id name="Uid" access="property" class="AgriMore.Logistics.Domain.BaseGroupOfOrganization+BaseGoOID, AgriMore.Logistics.Domain">
      <key-property type="String" name="OrgId" length="15" access="field.camelcase"/>
      <key-property type="String" name="GroupOrgId" length="15" access="field.camelcase"/>
    </composite-id>

    <!-- region CreatedBy (Customizable code) -->
    <property name="CreatedBy" type="String" not-null="false" length="10"  access="field.camelcase"/>
    <!-- endregion CreatedBy (Customizable code) -->

    <!-- region CreatedAt (Customizable code) -->
    <property name="CreatedAt" type="DateTime" not-null="false" access="field.camelcase"/>
    <!-- endregion CreatedAt (Customizable code) -->

    <!-- region Ouid (Customizable code) -->
    <property name="IsActive" type="Int32" not-null="false" access="field.camelcase"/>
    <!-- endregion Ouid (Customizable code) -->
  </class>
</hibernate-mapping>