﻿<?xml version="1.0" encoding="utf-8" ?>
<hibernate-mapping xmlns="urn:nhibernate-mapping-2.0">
  <!-- region Organization (Customizable code) -->
  <class name="AgriMore.Logistics.Domain.BaseOrganizationLang, AgriMore.Logistics.Domain" table="`Base_Organization_Lang`" lazy="false">
    <cache usage="read-write"/>
    <!-- endregion Organization (Customizable code) -->

    <composite-id name="Uid" access="property" class="AgriMore.Logistics.Domain.BaseOrganizationLang+BaseOrgLangID, AgriMore.Logistics.Domain">
      <key-property type="String" name="OrgId" length="15" access="field.camelcase"/>
      <key-property type="Int32" name="LangCode" access="field.camelcase"/>
    </composite-id>

    <!-- region Name, Required (Customizable code) -->
    <property name="Name" type="String" not-null="true" length="50"  access="field.camelcase"/>
    <!-- endregion Name, Required (Customizable code) -->

    <!-- region StreetName, Required (Customizable code) -->
    <property name="StreetName" type="String" not-null="false" length="10"  access="field.camelcase"/>
    <!-- endregion StreetName, Required (Customizable code) -->

    <!-- region City (Customizable code) -->
    <property name="City" type="String" not-null="false" length="50"  access="field.camelcase"/>
    <!-- endregion City (Customizable code) -->

    <!-- region State (Customizable code) -->
    <property name="State" type="String" not-null="false" length="10"  access="field.camelcase"/>
    <!-- endregion State (Customizable code) -->

    <!-- region Country (Customizable code) -->
    <property name="Country" type="String" not-null="false" length="10"  access="field.camelcase"/>
    <!-- endregion Country (Customizable code) -->

    <!-- region CreatedBy (Customizable code) -->
    <property name="CreatedBy" type="String" not-null="false" length="10"  access="field.camelcase"/>
    <!-- endregion CreatedBy (Customizable code) -->

    <!-- region CreatedAt (Customizable code) -->
    <property name="CreatedAt" type="DateTime" not-null="false" access="field.camelcase"/>
    <!-- endregion CreatedAt (Customizable code) -->

    <!-- region Ouid (Customizable code) -->
    <property name="Ouid" type="Int32" not-null="false" access="field.camelcase"/>
    <!-- endregion Ouid (Customizable code) -->
  </class>
</hibernate-mapping>