﻿<?xml version="1.0" encoding="utf-8" ?>
<hibernate-mapping xmlns="urn:nhibernate-mapping-2.0">
  <!-- region BiddingDefine (Customizable code) -->
  <class name="AgriMore.Logistics.Domain.BiddingDefine, AgriMore.Logistics.Domain" table="Bidding" lazy="false">
    <cache usage="read-write"/>
    <!-- endregion BiddingDefine (Customizable code) -->

    <!-- region Id (Customizable code) -->
    <id name="Uid" column="Uid" type="Int64" unsaved-value="0" access="field.camelcase">
      <generator class="identity"/>
    </id>
    <!-- endregion Id (Customizable code) -->

    <!-- region Amount (Customizable code) -->
    <property name="Amount" type="Decimal" not-null="true" access="field.camelcase"/>
    <!-- endregion Amount, Required (Customizable code) -->

    <!-- region MinPrice (Customizable code) -->
    <property name="MinPrice" type="Decimal" not-null="true" access="field.camelcase"/>
    <!-- endregion MinPrice, Required (Customizable code) -->

    <!-- region Currency (Customizable code) -->
    <property name="Currency" type="String" not-null="true" access="field.camelcase"/>
    <!-- endregion Currency, Required (Customizable code) -->

    <!-- region CurBidPrice (Customizable code) -->
    <property name="CurBidPrice" type="Decimal" access="field.camelcase"/>
    <!-- endregion CurBidPrice, Required (Customizable code) -->

    <!-- region StartDate (Customizable code) -->
    <property name="StartDate" type="DateTime" access="field.camelcase"/>
    <!-- endregion StartDate, Required (Customizable code) -->

    <!-- region ClosedDate (Customizable code) -->
    <property name="ClosedDate" type="DateTime" not-null="true" access="field.camelcase"/>
    <!-- endregion ClosedDate, Required (Customizable code) -->

    <!-- region CloseAtMinute (Customizable code) -->
    <property name="CloseAtMinute" type="Int32" access="field.camelcase"/>
    <!-- endregion CloseAtMinute, Required (Customizable code) -->

    <!-- region HasAdjust (Customizable code) -->
    <property name="HasAdjust" type="Boolean" access="field.camelcase"/>
    <!-- endregion HasAdjust, Required (Customizable code) -->

    <!-- region ProdSupForecast (Customizable code) -->
    <many-to-one name="ProdSupForecast" class="AgriMore.Logistics.Domain.ProductSupplyForecast, AgriMore.Logistics.Domain" access="field.camelcase">
      <column name="ProdSfId" />
    </many-to-one>
    <!-- endregion ProdSupForecast (Customizable code) -->

    <!-- region SalesOrganization (Customizable code) -->
    <many-to-one name="SalesOrganization" class="AgriMore.Logistics.Domain.Organization, AgriMore.Logistics.Domain" access="field.camelcase">
      <column name="SalesOrgId" />
    </many-to-one>
    <!-- endregion SalesOrganization (Customizable code) -->

    <!-- region InvitedOrgs (Customizable code) -->
    <set name="InvitedOrgs" table="BiddingInvitation" lazy="true" batch-size="100" access="field.camelcase">
      <key>
        <column name="BiddingId"/>
      </key>
      <many-to-many class="AgriMore.Logistics.Domain.Organization, AgriMore.Logistics.Domain">
        <column name="InvitedOrgId"/>
      </many-to-many>
    </set>
    <!-- endregion InvitedOrgs (Customizable code) -->
  </class>
</hibernate-mapping>