﻿<?xml version="1.0" encoding="utf-8" ?>
<hibernate-mapping xmlns="urn:nhibernate-mapping-2.0">
  <!-- region BiddingProcess (Customizable code) -->
  <class name="AgriMore.Logistics.Domain.BiddingProcess, AgriMore.Logistics.Domain" table="BiddingProcess" lazy="false">
    <cache usage="read-write"/>
    <!-- endregion BiddingProcess (Customizable code) -->

    <!-- region Id (Customizable code) -->
    <id name="Uid" column="Uid" type="Int64" unsaved-value="0" access="field.camelcase">
      <generator class="identity"/>
    </id>
    <!-- endregion Id (Customizable code) -->

    <!-- region BiddedDate (Customizable code) -->
    <property name="BiddedDate" type="DateTime" not-null="true" access="field.camelcase"/>
    <!-- endregion BiddedDate, Required (Customizable code) -->

    <!-- region BiddedPrice (Customizable code) -->
    <property name="BiddedPrice" type="Decimal" not-null="true" access="field.camelcase"/>
    <!-- endregion BiddedPrice, Required (Customizable code) -->

    <!-- region Confirmed (Customizable code) -->
    <property name="Confirmed" type="Int16" access="field.camelcase"/>
    <!-- endregion Confirmed, Required (Customizable code) -->

    <!-- region ConfirmProdId (Customizable code) -->
    <property name="ConfirmProdId" type="Int64" access="field.camelcase"/>
    <!-- endregion ConfirmProdId (Customizable code) -->

    <!-- region BidDefine (Customizable code) -->
    <many-to-one name="BidDefine" class="AgriMore.Logistics.Domain.BiddingDefine, AgriMore.Logistics.Domain" cascade="save-update" access="field.camelcase">
      <column name="BiddingId" />
    </many-to-one>
    <!-- endregion BidDefine (Customizable code) -->

    <!-- region Organization (Customizable code) -->
    <many-to-one name="Organization" class="AgriMore.Logistics.Domain.Organization, AgriMore.Logistics.Domain" access="field.camelcase">
      <column name="BiddedOrgId" />
    </many-to-one>
    <!-- endregion Organization (Customizable code) -->
  </class>
</hibernate-mapping>