﻿<?xml version="1.0" encoding="utf-8" ?>
<hibernate-mapping xmlns="urn:nhibernate-mapping-2.0">
  <class name="AgriMore.Logistics.Domain.BiddingPurchase4CompositeProductSellerOfferDetail, AgriMore.Logistics.Domain" table="BiddingPurchase4CompositeProduct_SellerOfferDetails" lazy="false">
    <id name="Uid" column="Uid" type="Int64" unsaved-value="0">
      <generator class="identity"/>
    </id>

    <property name="OfferPrice" type="Decimal" not-null="true" />
    <property name="Currency" type="String" not-null="true" />

    <many-to-one name="Product4CompositeProdFav" class="AgriMore.Logistics.Domain.Products4CompositeProductFavourite, AgriMore.Logistics.Domain">
      <column name="Product4CompositeProdFavId" />
    </many-to-one>

    <many-to-one name="SellerOffer" class="AgriMore.Logistics.Domain.BiddingPurchase4CompositeProductSellerOffer, AgriMore.Logistics.Domain">
      <column name="BiddingPurchaseCompositeProdSellerOfferId" />
    </many-to-one>
  </class>
</hibernate-mapping>