﻿<?xml version="1.0" encoding="utf-8" ?>
<hibernate-mapping xmlns="urn:nhibernate-mapping-2.0">
  <!-- region ProductSupplyForeCast (Customizable code) -->
  <class name="AgriMore.Logistics.Domain.BiddingMinPriceSetting, AgriMore.Logistics.Domain" table="`BiddingMinPriceSettings`" lazy="false">
    <!-- endregion ProductSupplyForeCast (Customizable code) -->

    <!-- region Id (Customizable code) -->
    <id name="Uid" column="Uid" type="Int64" unsaved-value="0" access="field.camelcase">
      <generator class="identity"/>
    </id>
    <!-- endregion Id (Customizable code) -->

    <!-- region Product (Customizable code) -->
    <many-to-one name="Product" class="AgriMore.Logistics.Domain.Species, AgriMore.Logistics.Domain" cascade="save-update" access="field.camelcase">
      <column name="ProductId" />
    </many-to-one>
    <!-- endregion Product (Customizable code) -->

    <!-- region Color (Customizable code) -->
    <many-to-one name="Color" class="AgriMore.Logistics.Domain.Color, AgriMore.Logistics.Domain" cascade="save-update" access="field.camelcase">
      <column name="ColorId" />
    </many-to-one>
    <!-- endregion Color (Customizable code) -->

    <!-- region CategoryType (Customizable code) -->
    <many-to-one name="CatType" class="AgriMore.Logistics.Domain.CategoryType, AgriMore.Logistics.Domain" cascade="save-update" access="field.camelcase">
      <column name="CatTypeId" />
    </many-to-one>
    <!-- endregion CategoryType (Customizable code) -->

    <!-- region Category (Customizable code) -->
    <many-to-one name="Category" class="AgriMore.Logistics.Domain.Category, AgriMore.Logistics.Domain" cascade="save-update" access="field.camelcase">
      <column name="CategoryId" />
    </many-to-one>
    <!-- endregion Category (Customizable code) -->

    <!-- region TraderOrg (Customizable code) -->
    <many-to-one name="TradingOrg" class="AgriMore.Logistics.Domain.Organization, AgriMore.Logistics.Domain" cascade="none" access="field.camelcase">
      <column name="TradingOrgId" />
    </many-to-one>
    <!-- endregion TraderOrg (Customizable code) -->

    <!-- region FromDate, Required (Customizable code) -->
    <property name="FromDate" type="DateTime" access="field.camelcase"/>
    <!-- endregion FromDate, Required (Customizable code) -->

    <!-- region ToDate, Required (Customizable code) -->
    <property name="ToDate" type="DateTime" access="field.camelcase"/>
    <!-- endregion ToDate, Required (Customizable code) -->

    <!-- region MinPrice (Customizable code) -->
    <property name="MinPrice" type="Decimal" access="field.camelcase"/>
    <!-- endregion MinPrice (Customizable code) -->
  </class>
</hibernate-mapping>