﻿<?xml version="1.0" encoding="utf-8" ?>
<hibernate-mapping xmlns="urn:nhibernate-mapping-2.0">
  <class name="AgriMore.Logistics.Domain.BiddingProcess4CompositeProduct, AgriMore.Logistics.Domain" table="BiddingProcess4CompositeProduct" lazy="false">
    <id name="Uid" column="Uid" type="Int64" unsaved-value="0">
      <generator class="identity"/>
    </id>

    <property name="WonPrice" type="Decimal" not-null="false" />
    <property name="MinPrice" type="Decimal" not-null="false" />
    <property name="Currency" type="String" not-null="false" />
    <property name="IsMatched" type="Boolean" not-null="false" />
    <property name="IsIndicatedProd" type="Boolean" not-null="false" />
    <property name="FromDate" type="DateTime" not-null="false" />
    <property name="ToDate" type="DateTime" not-null="false" />
    <property name="StartAt" type="DateTime" not-null="false" />
    <property name="CloseAt" type="DateTime" not-null="false" />
    <property name="SellerId" type="String" not-null="false" />
    <property name="WonBuyerId" type="String" not-null="false" />
    <property name="UpdatedAt" type="DateTime" not-null="false" />

    <many-to-one name="CompositeProdFav" class="AgriMore.Logistics.Domain.CompositeProductFavourite, AgriMore.Logistics.Domain">
      <column name="CompositeProdFavId" />
    </many-to-one>

    <many-to-one name="CompositeProdSupply" class="AgriMore.Logistics.Domain.CompositeProductSupply, AgriMore.Logistics.Domain">
      <column name="CompositeProdSupplyId" />
    </many-to-one>

    <bag name="PriceDetails" cascade="all-delete-orphan" lazy="true" batch-size="100" access="field.camelcase" inverse="true">
      <key>
        <column name="BiddingProcessCompositeProdId"/>
      </key>
      <one-to-many class="AgriMore.Logistics.Domain.BiddingProcess4CompositeProductPriceDetail, AgriMore.Logistics.Domain"/>
    </bag>

    <set name="InvitedBuyerOrgs" table="BiddingProcess4CompositeProduct_Buyer" lazy="true" batch-size="100" access="field.camelcase">
      <key>
        <column name="BiddingProcessCompositeProdId"/>
      </key>
      <many-to-many class="AgriMore.Logistics.Domain.Organization, AgriMore.Logistics.Domain">
        <column name="BuyerId"/>
      </many-to-many>
    </set>

    <set name="SupplierOrgs" table="BiddingProcess4CompositeProduct_Supplier" lazy="true" batch-size="100" access="field.camelcase">
      <key>
        <column name="BiddingProcessCompositeProdId"/>
      </key>
      <many-to-many class="AgriMore.Logistics.Domain.Organization, AgriMore.Logistics.Domain">
        <column name="SupplierId"/>
      </many-to-many>
    </set>
  </class>
</hibernate-mapping>