﻿<?xml version="1.0" encoding="utf-8" ?>
<hibernate-mapping xmlns="urn:nhibernate-mapping-2.0">
  <!-- region ChainEntityProperty (Customizable code) -->
  <class name="AgriMore.Logistics.Domain.ChainEntityProperty, AgriMore.Logistics.Domain" table="`ChainEntityProperties`" lazy="false">
    <cache usage="read-write"/>
    <!-- endregion ChainEntityProperty (Customizable code) -->

    <!-- region Id (Customizable code) -->
    <id name="Uid" column="Uid" type="Int64" unsaved-value="0" access="field.camelcase">
      <generator class="identity"/>
    </id>
    <!-- endregion Id (Customizable code) -->

    <!-- region PropertyValue (Customizable code) -->
    <property name="PropertyValue" type="String" access="field.camelcase"/>
    <!-- endregion PropertyValue (Customizable code) -->

    <!-- region Property (Customizable code) -->
    <many-to-one name="Property" class="AgriMore.Logistics.Domain.Property, AgriMore.Logistics.Domain" access="field.camelcase">
      <column name="PropertyId"/>
    </many-to-one>
    <!-- endregion Property (Customizable code) -->

    <!-- region ChainEntity (Customizable code) -->
    <many-to-one name="ChainEntity" class="AgriMore.Logistics.Domain.ChainEntity, AgriMore.Logistics.Domain" access="field.camelcase">
      <column name="ChainEntityId"/>
    </many-to-one>
    <!-- endregion ChainEntity (Customizable code) -->
  </class>
</hibernate-mapping>