<?xml version="1.0" encoding="utf-8" ?>
<hibernate-mapping xmlns="urn:nhibernate-mapping-2.0">
  <!-- region ChainEntity (Customizable code) -->
  <class name="AgriMore.Logistics.Domain.ChainEntity, AgriMore.Logistics.Domain" table="`ChainEntity`" lazy="false">
    <cache usage="read-write"/>
    <!-- endregion ChainEntity (Customizable code) -->

    <!-- region Id (Customizable code) -->
    <id name="Uid" column="Uid" type="Int64" unsaved-value="0" access="field.camelcase">
      <generator class="identity"/>
    </id>
    <!-- endregion Id (Customizable code) -->

    <!-- region Name, Required (Customizable code) -->
    <property name="Name" type="String" not-null="true" access="field.camelcase"/>
    <!-- endregion Name, Required (Customizable code) -->

    <!-- region VatNumber (Customizable code) -->
    <property name="VatNumber" type="String" not-null="false" access="field.camelcase"/>
    <!-- endregion VatNumber (Customizable code) -->

    <!-- region CocNumber (Customizable code) -->
    <property name="CocNumber" type="String" not-null="false" access="field.camelcase"/>
    <!-- endregion CocNumber (Customizable code) -->

    <!-- region BankAccount1 (Customizable code) -->
    <property name="BankAccount1" type="String" not-null="false" access="field.camelcase"/>
    <!-- endregion BankAccount1 (Customizable code) -->

    <!-- region BankAccount2 (Customizable code) -->
    <property name="BankAccount2" type="String" not-null="false" access="field.camelcase"/>
    <!-- endregion BankAccount2 (Customizable code) -->

    <!-- region Gs1Code, Required (Customizable code) -->
    <property name="Gs1Code" type="String" not-null="false" access="field.camelcase"/>
    <!-- endregion Gs1Code, Required (Customizable code) -->

	  <!-- region LedgerCode, Required (Customizable code) -->
	  <property name="LedgerCode" type="String" not-null="false" access="field.camelcase"/>
	  <!-- endregion LedgerCode, Required (Customizable code) -->

    <!-- region OtherCode, Required (Customizable code) -->
    <property name="OtherCode" type="String" not-null="false" access="field.camelcase"/>
    <!-- endregion OtherCode, Required (Customizable code) -->

	  <!-- region PreferredLanguage, Required (Customizable code) -->
	  <property name="PreferredLanguage" type="String" not-null="false" access="field.camelcase"/>
	  <!-- endregion PreferredLanguage, Required (Customizable code) -->

	  <!-- region ReminderEmail, Required (Customizable code) -->
	  <property name="ReminderEmail" type="String" not-null="false" access="field.camelcase"/>
	  <!-- endregion ReminderEmail, Required (Customizable code) -->

	  <!-- region InvoiceEmail, Required (Customizable code) -->
	  <property name="InvoiceEmail" type="String" not-null="false" access="field.camelcase"/>
	  <!-- endregion InvoiceEmail, Required (Customizable code) -->

	  <!-- region PriceUpdateReminderEmail, Required (Customizable code) -->
	  <property name="PriceUpdateReminderEmail" type="String" not-null="false" access="field.camelcase"/>
	  <!-- endregion PriceUpdateReminderEmail, Required (Customizable code) -->

    <!-- region IsShowGeneralInfo4All, Required (Customizable code) -->
    <property name="IsShowGeneralInfo4All" type="Boolean"/>
    <!-- endregion IsShowGeneralInfo4All, Required (Customizable code) -->

    <!-- region IsShowDirectly, Required (Customizable code) -->
    <property name="IsShowDirectly" type="Boolean"/>
    <!-- endregion IsShowDirectly, Required (Customizable code) -->

    <property name="GLNCode" type="String"/>

    <!-- region Users, Composite (Customizable code) -->
    <set name="Users" cascade="all-delete-orphan" lazy="true" batch-size="100" access="field.camelcase">
      <key>
        <column name="ChainEntityId" index="NDX_ChainEntity_Users"/>
      </key>
      <one-to-many class="AgriMore.Logistics.Domain.User, AgriMore.Logistics.Domain"/>
    </set>
    <!-- endregion Users, Composite (Customizable code) -->

    <!-- region Addresses, Composite (Customizable code) -->
    <set name="Addresses" cascade="all-delete-orphan" lazy="true" batch-size="100" access="field.camelcase" order-by="Uid ASC">
      <cache usage="read-write"/>
      <key>
        <column name="ChainEntityId" index="NDX_ChainEntity_Addresses"/>
      </key>
      <one-to-many class="AgriMore.Logistics.Domain.Address, AgriMore.Logistics.Domain"/>
    </set>
    <!-- endregion Addresses, Composite (Customizable code) -->

    <!-- region Properties, Composite (Customizable code) -->
    <set name="Properties" cascade="all-delete-orphan" lazy="true" batch-size="100" access="field.camelcase">
      <cache usage="read-write"/>
      <key>
        <column name="ChainEntityId" />
      </key>
      <one-to-many class="AgriMore.Logistics.Domain.ChainEntityProperty, AgriMore.Logistics.Domain"/>
    </set>
    <!-- endregion Properties, Composite (Customizable code) -->

    <!-- region Organizations (Customizable code) -->
    <set name="Organizations" table="OrganizationMapping" cascade="none" lazy="true" batch-size="100" access="field.camelcase">
      <key>
        <column name="ChainEntityId"/>
      </key>
      <many-to-many class="AgriMore.Logistics.Domain.Organization, AgriMore.Logistics.Domain">
        <column name="OrganizationId"/>
      </many-to-many>
    </set>
    <!-- endregion Organizations (Customizable code) -->

    <set name="ShowGeneral4Orgs" table="ChainEntity_ShowGeneral4Org" lazy="true" batch-size="100" access="field.camelcase">
      <key>
        <column name="ChainEntityId"/>
      </key>
      <many-to-many class="AgriMore.Logistics.Domain.Organization, AgriMore.Logistics.Domain">
        <column name="OrgId"/>
      </many-to-many>
    </set>

    <set name="Visible4Roles" table="chainentity_visible4role" lazy="true" batch-size="100" access="field.camelcase">
      <key>
        <column name="ChainEntityId"/>
      </key>
      <many-to-many class="AgriMore.Logistics.Domain.Role, AgriMore.Logistics.Domain">
        <column name="RoleId"/>
      </many-to-many>
    </set>
  </class>
</hibernate-mapping>