﻿<?xml version="1.0" encoding="utf-8" ?>
<hibernate-mapping xmlns="urn:nhibernate-mapping-2.0">
  <!-- region ChargeCorrection (Customizable code) -->
  <class name="AgriMore.Logistics.Domain.ChargeCorrection, AgriMore.Logistics.Domain" table="`ChargeCorrection`" lazy="false">
    <cache usage="read-write"/>
    <!-- endregion ChargeCorrection (Customizable code) -->

    <!-- region Id (Customizable code) -->
    <id name="Uid" column="Uid" type="Int64" unsaved-value="0" access="field.camelcase">
      <generator class="identity"/>
    </id>
    <!-- endregion Id (Customizable code) -->

    <!-- region Amount (Customizable code) -->
    <property name="Amount" type="Int32" access="field.camelcase"/>
    <!-- endregion Amount (Customizable code) -->

    <!-- region Price (Customizable code) --><!--
    <property name="Price" type="Decimal" access="field.camelcase"/>
    --><!-- endregion Price (Customizable code) -->

    <!-- region Vat (Customizable code) -->
    <property name="Vat" type="Int32" access="field.camelcase"/>
    <!-- endregion Vat (Customizable code) -->

    <!-- region VatText (Customizable code) -->
    <property name="VatText" type="String" access="field.camelcase"/>
    <!-- endregion VatText (Customizable code) -->

    <!-- region InvCharge (Customizable code) -->
    <many-to-one name="InvCharge" class="AgriMore.Logistics.Domain.InvoiceCharge, AgriMore.Logistics.Domain" access="field.camelcase">
      <column name="InvChargeId"  not-null="true" />
    </many-to-one>
    <!-- endregion InvCharge (Customizable code) -->

    <!-- region ForInvoice (Customizable code) -->
    <many-to-one name="ForInvoice" class="AgriMore.Logistics.Domain.Invoicing, AgriMore.Logistics.Domain" access="field.camelcase">
      <column name="InvId"  not-null="true" />
    </many-to-one>
    <!-- endregion ForInvoice (Customizable code) -->
  </class>
</hibernate-mapping>