﻿<?xml version="1.0" encoding="utf-8" ?>
<hibernate-mapping xmlns="urn:nhibernate-mapping-2.0">
  <!-- region PackageType (Customizable code) -->
  <class name="AgriMore.Logistics.Domain.CommittedRelationshipPeriod, AgriMore.Logistics.Domain" table="`CommittedRelationshipPeriods`" lazy="false">
    <cache usage="read-write"/>
    <!-- endregion PackageType (Customizable code) -->

    <!-- region Id (Customizable code) -->
    <id name="Uid" column="Uid" type="Int64" unsaved-value="0" access="field.camelcase">
      <generator class="identity"/>
    </id>
    <!-- endregion Id (Customizable code) -->

    <!-- region Percent, Required (Customizable code) -->
    <property name="Percent" type="Int32" not-null="false" access="field.camelcase"/>
    <!-- endregion Percent, Required (Customizable code) -->

    <!-- region Priority, Required (Customizable code) -->
    <property name="Priority" type="Int32" not-null="false" access="field.camelcase"/>
    <!-- endregion Priority, Required (Customizable code) -->

    <!-- region MinAmount, Required (Customizable code) -->
    <property name="MinAmount" type="Int64" not-null="false" access="field.camelcase"/>
    <!-- endregion MinAmount, Required (Customizable code) -->

    <!-- region FixedAmount, Required (Customizable code) -->
    <property name="FixedAmount" type="Int64" not-null="false" access="field.camelcase"/>
    <!-- endregion FixedAmount, Required (Customizable code) -->

    <!-- region FromDate, Required (Customizable code) -->
    <property name="FromDate" type="DateTime" access="field.camelcase"/>
    <!-- endregion FromDate, Required (Customizable code) -->

    <!-- region ToDate, Required (Customizable code) -->
    <property name="ToDate" type="DateTime" access="field.camelcase"/>
    <!-- endregion ToDate, Required (Customizable code) -->

    <!-- region IndicatedPackIds, Required (Customizable code) -->
    <property name="IndicatedPackIds" type="String" access="field.camelcase"/>
    <!-- endregion IndicatedPackIds, Required (Customizable code) -->

    <!-- region IndicatedPackNames, Required (Customizable code) -->
    <property name="IndicatedPackNames" type="String" access="field.camelcase"/>
    <!-- endregion IndicatedPackNames, Required (Customizable code) -->

    <!-- region IsValid, Required (Customizable code) -->
    <property name="IsValid" type="Boolean" access="field.camelcase"/>
    <!-- endregion IsValid, Required (Customizable code) -->

    <!-- region BuyerId, Required (Customizable code) -->
    <property name="BuyerId" type="String" access="field.camelcase"/>
    <!-- endregion BuyerId, Required (Customizable code) -->

    <!-- region Product, Required, Indexed (Customizable code) -->
    <many-to-one name="Product" class="AgriMore.Logistics.Domain.Species, AgriMore.Logistics.Domain" access="field.camelcase">
      <column name="ProductId"  not-null="true"/>
    </many-to-one>
    <!-- endregion Product, Required, Indexed (Customizable code) -->

    <!-- region ProdType, Required, Indexed (Customizable code) -->
    <many-to-one name="ProdType" class="AgriMore.Logistics.Domain.ProdType, AgriMore.Logistics.Domain" access="field.camelcase">
      <column name="ProdTypeId"  not-null="true"/>
    </many-to-one>
    <!-- endregion ProdType, Required, Indexed (Customizable code) -->

    <!-- region Color, Required, Indexed (Customizable code) -->
    <many-to-one name="Color" class="AgriMore.Logistics.Domain.Color, AgriMore.Logistics.Domain" access="field.camelcase">
      <column name="ColorId"  not-null="true"/>
    </many-to-one>
    <!-- endregion Color, Required, Indexed (Customizable code) -->

    <!-- region CatType, Required, Indexed (Customizable code) -->
    <many-to-one name="CatType" class="AgriMore.Logistics.Domain.CategoryType, AgriMore.Logistics.Domain" access="field.camelcase">
      <column name="CatTypeId"  not-null="true"/>
    </many-to-one>
    <!-- endregion CatType, Required, Indexed (Customizable code) -->

    <!-- region Category, Required, Indexed (Customizable code) -->
    <many-to-one name="Category" class="AgriMore.Logistics.Domain.Category, AgriMore.Logistics.Domain" access="field.camelcase">
      <column name="CategoryId"  not-null="true"/>
    </many-to-one>
    <!-- endregion Category, Required, Indexed (Customizable code) -->

    <!-- region AddressId (Customizable code) -->
    <property name="AddressId" type="Int64" not-null="false" access="field.camelcase"/>
    <!-- endregion AddressId (Customizable code) -->

    <!-- region LocationId (Customizable code) -->
    <property name="LocationId" type="Int64" not-null="false" access="field.camelcase"/>
    <!-- endregion LocationId (Customizable code) -->

    <!-- region ProdAttrIds (Customizable code) -->
    <property name="ProdAttrIds" type="String" not-null="false" access="field.camelcase"/>
    <!-- endregion ProdAttrIds (Customizable code) -->

    <!-- region Grower, Required, Indexed (Customizable code) -->
    <many-to-one name="Grower" class="AgriMore.Logistics.Domain.Organization, AgriMore.Logistics.Domain" access="field.camelcase">
      <column name="GrowerId"  not-null="true"/>
    </many-to-one>
    <!-- endregion Grower, Required, Indexed (Customizable code) -->

    <!-- region Grower, Required, Indexed (Customizable code) --><!--
    <many-to-one name="Buyer" class="AgriMore.Logistics.Domain.Organization, AgriMore.Logistics.Domain" access="field.camelcase">
      <column name="BuyerId"  not-null="true"/>
    </many-to-one>
    --><!-- endregion Grower, Required, Indexed (Customizable code) -->

    <!-- region Grower, Required, Indexed (Customizable code) -->
    <many-to-one name="CmtRelationship" class="AgriMore.Logistics.Domain.CommittedRelationship, AgriMore.Logistics.Domain" access="field.camelcase">
      <column name="CmtRltId"  not-null="false"/>
    </many-to-one>
    <!-- endregion Grower, Required, Indexed (Customizable code) -->
  </class>
</hibernate-mapping>