﻿<?xml version="1.0" encoding="utf-8" ?>
<hibernate-mapping xmlns="urn:nhibernate-mapping-2.0">
  <class name="AgriMore.Logistics.Domain.CompositeProductSupply, AgriMore.Logistics.Domain" table="CompositeProductSupply" lazy="false">
    <id name="Uid" column="Uid" type="Int64" unsaved-value="0">
      <generator class="identity"/>
    </id>

    <property name="Name" type="String" not-null="false" />
    <property name="PriceSurcharge" type="Decimal" not-null="false" />
    <property name="Price" type="Decimal" not-null="false" />
    <property name="Currency" type="String" not-null="false" />
    <property name="AvailableDate" type="DateTime" not-null="false" />
    <property name="DispatchDate" type="DateTime" not-null="false" />
    <property name="Status" type="Int32" not-null="false" />
    <property name="ShipmentItemId" type="Int64" not-null="false" />
    <property name="DebitInvId" type="Int64" not-null="false" />
    <property name="CreditInvId" type="Int64" not-null="false" />
    <property name="SellerId" type="String" not-null="false" />
    <property name="BuyerId" type="String" not-null="false" />
    <property name="UpdatedAt" type="DateTime" not-null="false" />

    <many-to-one name="PackageType" class="AgriMore.Logistics.Domain.PackagingDefine, AgriMore.Logistics.Domain">
      <column name="PackageTypeId" />
    </many-to-one>

    <bag name="Product4CmpProd" cascade="all-delete-orphan" lazy="true" batch-size="100" access="field.camelcase" inverse="true">
      <key>
        <column name="CompositeProdId"/>
      </key>
      <one-to-many class="AgriMore.Logistics.Domain.Products4CompositeProduct, AgriMore.Logistics.Domain"/>
    </bag>
  </class>
</hibernate-mapping>