﻿<?xml version="1.0" encoding="utf-8" ?>
<hibernate-mapping xmlns="urn:nhibernate-mapping-2.0">
  <class name="AgriMore.Logistics.Domain.CompositeProductFavourite, AgriMore.Logistics.Domain" table="CompositeProductFavourites" lazy="false">

    <!-- region Id (Customizable code) -->
    <id name="Uid" column="Uid" type="Int64" unsaved-value="0">
      <generator class="identity"/>
    </id>
    <!-- endregion Id (Customizable code) -->

    <property name="Name" type="String" not-null="true" />
    <property name="PriceSurcharge" type="Decimal" not-null="true" />
    <property name="Currency" type="String" not-null="true" />
    <property name="OrgId" type="String" not-null="true" />

    <many-to-one name="PackageType" class="AgriMore.Logistics.Domain.PackagingDefine, AgriMore.Logistics.Domain">
      <column name="PackageTypeId" />
    </many-to-one>

    <bag name="Prod4CompositeFav" cascade="all-delete-orphan" lazy="true" batch-size="100" access="field.camelcase" inverse="true">
      <key>
        <column name="CompositeProdFavId"/>
      </key>
      <one-to-many class="AgriMore.Logistics.Domain.Products4CompositeProductFavourite, AgriMore.Logistics.Domain"/>
    </bag>
  </class>
</hibernate-mapping>