﻿<hibernate-mapping xmlns="urn:nhibernate-mapping-2.0">
  <!-- region PackageType (Customizable code) -->
  <class name="AgriMore.Logistics.Domain.ConsumerSupplyReference, AgriMore.Logistics.Domain" table="`ConsumerSupplyReference`" lazy="false">
    <cache usage="read-write"/>
    <!-- endregion PackageType (Customizable code) -->

    <!-- region Id (Customizable code) -->
    <id name="Uid" column="Uid" type="Int64" unsaved-value="0" access="field.camelcase">
      <generator class="identity"/>
    </id>
    <!-- endregion Id (Customizable code) -->

    <!-- region OrgId, Required (Customizable code) -->
    <property name="OrgId" type="String" access="field.camelcase"/>
    <!-- endregion OrgId, Required (Customizable code) -->

    <!-- region AutoUpdateProducer, Required (Customizable code) -->
    <property name="AutoUpdateProducer" type="Boolean" access="field.camelcase"/>
    <!-- endregion AutoUpdateProducer, Required (Customizable code) -->

    <!-- region AutoUpdateSupplier, Required (Customizable code) -->
    <property name="AutoUpdateSupplier" type="Boolean" access="field.camelcase"/>
    <!-- endregion AutoUpdateSupplier, Required (Customizable code) -->

    <!-- region CreatedBy, Required (Customizable code) -->
    <property name="CreatedBy" type="String" access="field.camelcase"/>
    <!-- endregion CreatedBy, Required (Customizable code) -->

    <!-- region CreatedAt, Required (Customizable code) -->
    <property name="CreatedAt" type="DateTime" access="field.camelcase"/>
    <!-- endregion CreatedAt, Required (Customizable code) -->

    <!-- region ReferenceSuppliers (Customizable code) -->
    <set name="RefProducers" table="ConsumerSupplyReferenceProducer" cascade="none" lazy="true" batch-size="100" access="field.camelcase">
      <key>
        <column name="ConsumerSupplyId"/>
      </key>
      <many-to-many class="AgriMore.Logistics.Domain.Organization, AgriMore.Logistics.Domain">
        <column name="ProducerId"/>
      </many-to-many>
    </set>
    <!-- endregion ReferenceSuppliers (Customizable code) -->

    <!-- region ReferenceSuppliers (Customizable code) -->
    <set name="NotRefProducers" table="ConsumerSupplyNotRefProducer" cascade="none" lazy="true" batch-size="100" access="field.camelcase">
      <key>
        <column name="ConsumerSupplyId"/>
      </key>
      <many-to-many class="AgriMore.Logistics.Domain.Organization, AgriMore.Logistics.Domain">
        <column name="ProducerId"/>
      </many-to-many>
    </set>
    <!-- endregion ReferenceSuppliers (Customizable code) -->

    <!-- region ReferenceSuppliers (Customizable code) -->
    <set name="RefSuppliers" table="ConsumerSupplyReferenceSupplier" cascade="none" lazy="true" batch-size="100" access="field.camelcase">
      <key>
        <column name="ConsumerSupplyId"/>
      </key>
      <many-to-many class="AgriMore.Logistics.Domain.Organization, AgriMore.Logistics.Domain">
        <column name="SupplierId"/>
      </many-to-many>
    </set>
    <!-- endregion ReferenceSuppliers (Customizable code) -->

    <!-- region ReferenceSuppliers (Customizable code) -->
    <set name="NotRefSuppliers" table="ConsumerSupplyNotRefSupplier" cascade="none" lazy="true" batch-size="100" access="field.camelcase">
      <key>
        <column name="ConsumerSupplyId"/>
      </key>
      <many-to-many class="AgriMore.Logistics.Domain.Organization, AgriMore.Logistics.Domain">
        <column name="SupplierId"/>
      </many-to-many>
    </set>
    <!-- endregion ReferenceSuppliers (Customizable code) -->
  </class>
</hibernate-mapping>