﻿<?xml version="1.0" encoding="utf-8" ?>
<hibernate-mapping xmlns="urn:nhibernate-mapping-2.0">
  <class name="AgriMore.Logistics.Domain.CorporateInfo, AgriMore.Logistics.Domain" table="CorporateInfo" lazy="false">
    <id name="Uid" column="Uid" type="Int64" unsaved-value="0">
      <generator class="identity"/>
    </id>

    <property name="Name" type="String" not-null="true" />
    <property name="InfoType" type="Int32"  />
    <property name="Filename" type="String" />
    <property name="ContentType" type="String" />
    <property name="StoreLocation" type="String" />
    <property name="IsVisibleAll" type="Boolean" />
    <property name="IsShowDirectly" type="Boolean"/>
    <property name="OrgId" type="String" not-null="true" />

    <set name="VisibleOrgs" table="CorporateInfo_Visible4Org" cascade="none" lazy="true" batch-size="100" access="field.camelcase">
      <key>
        <column name="CorporateInfoId"/>
      </key>
      <many-to-many class="AgriMore.Logistics.Domain.Organization, AgriMore.Logistics.Domain">
        <column name="OrgId"/>
      </many-to-many>
    </set>

    <set name="VisibleRoles" table="CorporateInfo_Visible4Role" cascade="none" lazy="true" batch-size="100" access="field.camelcase">
      <key>
        <column name="CorporateInfoId"/>
      </key>
      <many-to-many class="AgriMore.Logistics.Domain.Role, AgriMore.Logistics.Domain">
        <column name="RoleId"/>
      </many-to-many>
    </set>
  </class>
</hibernate-mapping>