﻿<?xml version="1.0" encoding="utf-8" ?>
<hibernate-mapping xmlns="urn:nhibernate-mapping-2.0">
  <!-- region CategoryTypeLang (Customizable code) -->
  <class name="AgriMore.Logistics.Domain.CountryLang, AgriMore.Logistics.Domain" table="Country_Lang" lazy="false">
    <cache usage="read-write"/>
    <!-- endregion CategoryTypeLang (Customizable code) -->

    <!-- region Id (Customizable code) -->
    <id name="Uid" column="Uid" type="Int64" unsaved-value="0" access="field.camelcase">
      <generator class="identity"/>
    </id>
    <!-- endregion Id (Customizable code) -->

    <!-- region Name (Customizable code) -->
    <property name="Name" type="String" not-null="true" access="field.camelcase"/>
    <!-- endregion Name, Required (Customizable code) -->

    <!-- region LangCode (Customizable code) -->
    <property name="LangCode" type="String" not-null="true" access="field.camelcase"/>
    <!-- endregion LangCode, Required (Customizable code) -->

    <!-- region Color (Customizable code) -->
    <many-to-one name="Country" class="AgriMore.Logistics.Domain.Country, AgriMore.Logistics.Domain" access="field.camelcase">
      <column name="CountryId" />
    </many-to-one>
    <!-- endregion Color (Customizable code) -->
  </class>
</hibernate-mapping>