﻿<?xml version="1.0" encoding="utf-8" ?>
<!-- region CustomDefine (Customizable code) -->
<hibernate-mapping xmlns="urn:nhibernate-mapping-2.0">
	<class name="AgriMore.Logistics.Domain.CustomDefine, AgriMore.Logistics.Domain" table="`CustomDefine`" lazy="false">
		<cache usage="read-write"/>
		<!-- endregion CustomDefine (Customizable code) -->
		
		<!-- region Uid (Customizable code) -->
		<id name="Uid" column="Uid" type="Int64" unsaved-value="0" access="field.camelcase">
			<generator class="identity"/>
		</id>
		<!-- endregion Uid (Customizable code) -->

		<!-- region UserId (Customizable code) -->
		<property name="UserId" type="Int64" access="field.camelcase"/>
		<!-- endregion UserId (Customizable code) -->

		<!-- region TableName (Customizable code) -->
		<property name="TableName" type="String" not-null="false" access="field.camelcase"/>
		<!-- endregion TableName (Customizable code) -->

		<!-- region DefineValues (Customizable code) -->
		<property name="DefineValues" type="String" not-null="false" access="field.camelcase"/>
		<!-- endregion DefineValues (Customizable code) -->
	</class>
</hibernate-mapping>