<?xml version="1.0" encoding="utf-8" ?>
<hibernate-mapping xmlns="urn:nhibernate-mapping-2.0">
    <!-- region TreatmentTypeCategory (Customizable code) -->
    <class name="AgriMore.Logistics.Domain.DecompositionCategory, AgriMore.Logistics.Domain" table="`DecompositionCategory`" lazy="false">
        <cache usage="read-write"/>
        <!-- endregion TreatmentTypeCategory (Customizable code) -->

        <!-- region Id (Customizable code) -->
        <id name="Uid" column="Uid" type="Int64" unsaved-value="0" access="field.camelcase">
            <generator class="identity"/>
        </id>
        <!-- endregion Id (Customizable code) -->

 
        <!-- region Name, Required (Customizable code) -->
        <property name="Name" type="String" not-null="true" access="field.camelcase"/>
        <!-- endregion Name, Required (Customizable code) -->

      <!-- region CategoryLangs, Composite, Inverse (Customizable code) -->
      <set name="DecompositionCategoryLangs" cascade="all-delete-orphan" lazy="false" batch-size="100" inverse="true" access="field.camelcase">
        <cache usage="read-write"/>
        <key>
          <column name="DecompositionCategoryId"/>
        </key>
        <one-to-many class="AgriMore.Logistics.Domain.DecompositionCategoryLang, AgriMore.Logistics.Domain"/>
      </set>
      
      <!-- endregion OtherCode, Required (Customizable code) -->
        <!-- region TreatmentTypes, Inverse (Customizable code) -->
        <set name="DecompositionTypes" cascade="all" lazy="true" batch-size="100" inverse="true" access="field.camelcase">
            <cache usage="read-write"/>
            <key>
		        <column name="DecompositionCategoryId"/>
            </key>
            <one-to-many class="AgriMore.Logistics.Domain.DecompositionType, AgriMore.Logistics.Domain"/>
        </set>    
        <!-- endregion TreatmentTypes, Inverse (Customizable code) -->
    </class>
</hibernate-mapping>