﻿<?xml version="1.0" encoding="utf-8" ?>
<hibernate-mapping xmlns="urn:nhibernate-mapping-2.0">
  <!-- region ProductGroup (Customizable code) -->
  <class name="AgriMore.Logistics.Domain.DecompositionInfo, AgriMore.Logistics.Domain" table="`decomposition`" lazy="false">
    <cache usage="read-write"/>
    <!-- endregion ProductGroup (Customizable code) -->

    <!-- region Id (Customizable code) -->
    <id name="Uid" column="Uid" type="Int64" unsaved-value="0">
      <generator class="identity"/>
    </id>
    <!-- endregion Id (Customizable code) -->

    <property name="PeriodFromDate" type="DateTime" not-null="false"/>
    <property name="PeriodToDate" type="DateTime" not-null="false"/>
    <property name="ProductId" column="MatchingProdId" type="Int64" not-null="false" />
    <property name="Cost" type="Decimal" not-null="false"/>
    <property name="CostCurrency" type="String" not-null="false"/>
    <property name="NumberPackage" type="Int32" not-null="false"/>
    <property name="CostUnit" type="string" not-null="false"/>

    <many-to-one name="DecomposeType" class="AgriMore.Logistics.Domain.DecompositionType, AgriMore.Logistics.Domain">
      <column name="DecompositionTypeId" />
    </many-to-one>
  </class>
</hibernate-mapping>