﻿<?xml version="1.0" encoding="utf-8" ?>
<hibernate-mapping xmlns="urn:nhibernate-mapping-2.0">
  <class name="AgriMore.Logistics.Domain.DecomposeKeyFigure, AgriMore.Logistics.Domain" table="`decompose_keyfigures`" lazy="false">
    <id name="Uid" column="Uid" type="Int64" unsaved-value="0">
      <generator class="identity"/>
    </id>

    <property name="ForOrgId" column="OrgId" type="String"/>
    <property name="RootProdId" column="RootProdId" type="Int64"/>
    <property name="FigureVal" column="FigureVal" type="Decimal"/>
    <property name="CreatedOrgId" column="CreatedOrgId" type="String"/>

    <many-to-one name="FromProduct" class="AgriMore.Logistics.Domain.Species, AgriMore.Logistics.Domain">
      <column name="FromProdId"/>
    </many-to-one>

    <many-to-one name="ToProduct" class="AgriMore.Logistics.Domain.Species, AgriMore.Logistics.Domain">
      <column name="ToProdId"/>
    </many-to-one>

    <many-to-one name="FigureInfo" class="AgriMore.Logistics.Domain.KeyFigure, AgriMore.Logistics.Domain">
      <column name="KeyFigureId"/>
    </many-to-one>
  </class>
</hibernate-mapping>