<?xml version="1.0" encoding="utf-8" ?>
<hibernate-mapping xmlns="urn:nhibernate-mapping-2.0">
    <!-- region TreatmentType (Customizable code) -->
    <class name="AgriMore.Logistics.Domain.DecompositionType, AgriMore.Logistics.Domain" table="`DecompositionType`" lazy="false">
        <cache usage="read-write"/>
        <!-- endregion TreatmentType (Customizable code) -->

        <!-- region Id (Customizable code) -->
        <id name="Uid" column="Uid" type="Int64" unsaved-value="0" access="field.camelcase">
            <generator class="identity"/>
        </id>
        <!-- endregion Id (Customizable code) -->

 
        <!-- region Name, Required (Customizable code) -->
        <property name="Name" type="String" not-null="true" access="field.camelcase"/>
        <!-- endregion Name, Required (Customizable code) -->

        <!-- region Gs1Code, Required (Customizable code) -->
        <property name="Gs1Code" type="String" not-null="false" access="field.camelcase"/>
        <!-- endregion Gs1Code, Required (Customizable code) -->

        <!-- region LedgerCode, Required (Customizable code) -->
        <property name="LedgerCode" type="String" not-null="false" access="field.camelcase"/>
        <!-- endregion LedgerCode, Required (Customizable code) -->

        <!-- region OtherCode, Required (Customizable code) -->
        <property name="OtherCode" type="String" not-null="false" access="field.camelcase"/>
      
        <!-- region TreatmentTypeCategory, Required, Indexed (Customizable code) -->
        <many-to-one name="DecompositionCategory" class="AgriMore.Logistics.Domain.DecompositionCategory, AgriMore.Logistics.Domain" cascade="save-update" access="field.camelcase">
		    <column name="DecompositionCategoryId"  not-null="true" />
        </many-to-one>
        <!-- endregion TreatmentTypeCategory, Required, Indexed (Customizable code) -->

        <!-- region UnitOfMeasurement, Required, Indexed (Customizable code) -->
        <many-to-one name="UnitOfMeasurement" class="AgriMore.Logistics.Domain.UnitOfMeasurement, AgriMore.Logistics.Domain" cascade="save-update" access="field.camelcase">
		    <column name="UnitOfMeasurementId"  not-null="true" index="NDX_TreatmentType_UnitOfMeasurement"/>
        </many-to-one>
        <!-- endregion UnitOfMeasurement, Required, Indexed (Customizable code) -->

      <!-- region CategoryLangs, Composite, Inverse (Customizable code) -->
      <set name="DecompositionTypeLangs" cascade="all-delete-orphan" lazy="false" batch-size="100" inverse="true" access="field.camelcase">
        <cache usage="read-write"/>
        <key>
          <column name="DecompositionTypeId"/>
        </key>
        <one-to-many class="AgriMore.Logistics.Domain.DecompositionTypeLang, AgriMore.Logistics.Domain"/>
      </set>
    </class>
</hibernate-mapping>