﻿<?xml version="1.0" encoding="utf-8" ?>
<hibernate-mapping xmlns="urn:nhibernate-mapping-2.0">  
  <!-- region DefaultFilterPSFS (Customizable code) -->
  <class name="AgriMore.Logistics.Domain.DefaultFilterPSFS, AgriMore.Logistics.Domain" table="`DefaultFilterPSFS`" lazy="false">
    <!-- endregion DefaultFilterPSFS (Customizable code) -->

    <!-- region Id (Customizable code) -->
    <id name="Uid" column="Uid" type="Int64" unsaved-value="0" access="field.camelcase">
      <generator class="identity"/>
    </id>
    <!-- endregion Id (Customizable code) -->

    <!-- region SalesOrgId (Customizable code) -->
    <property name="SalesOrgId" type="string" access="field.camelcase"/>
    <!-- endregion SalesOrgId (Customizable code) -->

    <!-- region ListOrgId, Required (Customizable code) -->
    <property name="ListOrgId" type="string" access="field.camelcase"/>
    <!-- endregion ListOrgId, Required (Customizable code) -->
    
    <!-- region SpeciesId (Customizable code) -->
    <property name="SpeciesId" type="Int32" access="field.camelcase"/>
    <!-- endregion SpeciesId (Customizable code) -->

    <!-- region ProdTypeId (Customizable code) -->
    <property name="ProdTypeId" type="Int32" access="field.camelcase"/>
    <!-- endregion ProdTypeId (Customizable code) -->

    <!-- region ColorId (Customizable code) -->
    <property name="ColorId" type="Int32" access="field.camelcase"/>
    <!-- endregion ColorId (Customizable code) -->
    
    <!-- region ListCategoryId, Required (Customizable code) -->
    <property name="ListCategoryId" type="string" access="field.camelcase"/>
    <!-- endregion ListCategoryId, Required (Customizable code) -->
    
    <!-- region CategoryTypeId (Customizable code) -->
    <property name="CategoryTypeId" type="Int32" access="field.camelcase"/>
    <!-- endregion CategoryTypeId (Customizable code) -->

    <!-- region ListProdId, Required (Customizable code) -->
    <property name="ListProdId" type="string" access="field.camelcase"/>
    <!-- endregion ListProdId, Required (Customizable code) -->

    <!-- region IsAllSuppliers (Customizable code) -->
    <property name="IsAllSuppliers" type="Int32" not-null="false" access="field.camelcase"/>
    <!-- endregion IsAllSuppliers (Customizable code) -->

    <!-- region IsAllCategories (Customizable code) -->
    <property name="IsAllCategories" type="Int32" not-null="false" access="field.camelcase"/>
    <!-- endregion IsAllCategories (Customizable code) -->

    <!-- region IsAllAdditionalProduct (Customizable code) -->
    <property name="IsAllAdditionalProduct" type="Int32" not-null="false" access="field.camelcase"/>
    <!-- endregion IsAllAdditionalProduct (Customizable code) -->

    <!-- region IsUpdateDataAuto (Customizable code) -->
    <property name="IsUpdateDataAuto" type="Int32" not-null="false" access="field.camelcase"/>
    <!-- endregion IsUpdateDataAuto (Customizable code) -->

    <!-- region ForecastStockFilter (Customizable code) -->
    <property name="ForecastStockFilter" type="Int32" not-null="false" access="field.camelcase"/>
    <!-- endregion ForecastStockFilter (Customizable code) -->

    <!-- region ProductStatusFilter (Customizable code) -->
    <property name="ProductStatusFilter" type="Int32" not-null="false" access="field.camelcase"/>
    <!-- endregion ProductStatusFilter (Customizable code) -->
    
    <!-- region User (Customizable code) -->
    <many-to-one name="CreatedBy" class="AgriMore.Logistics.Domain.User, AgriMore.Logistics.Domain" access="field.camelcase">
      <column name="CreatedBy" />
    </many-to-one>
    <!-- endregion User (Customizable code) -->
    
  </class>
</hibernate-mapping>