﻿<?xml version="1.0" encoding="utf-8" ?>
<hibernate-mapping xmlns="urn:nhibernate-mapping-2.0">
  <!-- region DesiredAmount (Customizable code) -->
  <class name="AgriMore.Logistics.Domain.DesiredAmountQueue, AgriMore.Logistics.Domain" table="`DesiredAmountQueue`" lazy="false">
    <!-- endregion DesiredAmount (Customizable code) -->

    <!-- region Id (Customizable code) -->
    <id name="Uid" column="Uid" type="Int64" unsaved-value="0" access="field.camelcase">
      <generator class="identity"/>
    </id>
    <!-- endregion Id (Customizable code) -->

    <!-- region Amount (Customizable code) -->
    <property name="Amount" type="Int64" access="field.camelcase"/>
    <!-- endregion Amount (Customizable code) -->

    <!-- region MinAmount (Customizable code) -->
    <property name="MinAmount" type="Int64" access="field.camelcase"/>
    <!-- endregion MinAmount (Customizable code) -->

    <!-- region OfferPrice (Customizable code) -->
    <property name="OfferPrice" type="Decimal" access="field.camelcase"/>
    <!-- endregion OfferPrice (Customizable code) -->

    <!-- region Currency (Customizable code) -->
    <property name="Currency" type="String" access="field.camelcase"/>
    <!-- endregion Currency (Customizable code) -->

    <!-- region InsertedDate (Customizable code) -->
    <property name="InsertedDate" type="DateTime" not-null="true" insert="false" access="field.camelcase"/>
    <!-- endregion InsertedDate, Required (Customizable code) -->

    <!-- region UpdatedDate (Customizable code) -->
    <property name="UpdatedDate" type="DateTime" not-null="true"  access="field.camelcase"/>
    <!-- endregion UpdatedDate, Required (Customizable code) -->

    <!-- region User (Customizable code) -->
    <many-to-one name="User" class="AgriMore.Logistics.Domain.User, AgriMore.Logistics.Domain" access="field.camelcase">
      <column name="UserId" />
    </many-to-one>
    <!-- endregion User (Customizable code) -->

    <!-- region Organization (Customizable code) -->
    <many-to-one name="Organization" class="AgriMore.Logistics.Domain.Organization, AgriMore.Logistics.Domain" access="field.camelcase">
      <column name="OrgId" />
    </many-to-one>
    <!-- endregion Organization (Customizable code) -->

    <!-- region Product Supply Forecast (Customizable code) -->
    <many-to-one name="ProdSupply" class="AgriMore.Logistics.Domain.ProductSupplyForecast, AgriMore.Logistics.Domain" access="field.camelcase">
      <column name="ProdSupplyId" />
    </many-to-one>
    <!-- endregion Product Supply Forecast (Customizable code) -->
  </class>
</hibernate-mapping>