﻿<?xml version="1.0" encoding="utf-8" ?>
<hibernate-mapping xmlns="urn:nhibernate-mapping-2.0">
  <!-- region DesiredAmount (Customizable code) -->
  <class name="AgriMore.Logistics.Domain.DesiredAmount, AgriMore.Logistics.Domain" table="`DesiredAmount`" lazy="false">
    <!-- endregion DesiredAmount (Customizable code) -->

    <!-- region Id (Customizable code) -->
    <id name="Uid" column="Uid" type="Int64" unsaved-value="0" access="field.camelcase">
      <generator class="identity"/>
    </id>
    <!-- endregion Id (Customizable code) -->

    <!-- region Amount (Customizable code) -->
    <property name="Amount" type="Decimal" access="field.camelcase"/>
    <!-- endregion Amount (Customizable code) -->

    <!-- region Desired Amount UOM (Customizable code) -->
    <many-to-one name="Uom" class="AgriMore.Logistics.Domain.UnitOfMeasurement, AgriMore.Logistics.Domain" access="field.camelcase">
      <column name="UomId" />
    </many-to-one>
    <!-- region Desired Amount UOM (Customizable code) -->

    <!-- region Price (Customizable code) -->
    <property name="Price" type="Decimal" access="field.camelcase"/>
    <!-- endregion Price (Customizable code) -->

    <!-- region Currency (Customizable code) -->
    <property name="Currency" type="String" access="field.camelcase"/>
    <!-- endregion Currency (Customizable code) -->

    <!-- region Confirm (Customizable code) -->
    <property name="Confirmed" type="Int16" access="field.camelcase"/>
    <!-- endregion Confirm (Customizable code) -->

    <!-- region ArticleCodes (Customizable code) -->
    <property name="ArticleCodes" type="String" access="field.camelcase"/>
    <!-- endregion ArticleCodes (Customizable code) -->

    <!-- region ConfirmProdId (Customizable code) -->
    <property name="ConfirmProdId" type="Int64" access="field.camelcase"/>
    <!-- endregion ConfirmProdId (Customizable code) -->

    <!-- region InsertedDate (Customizable code) -->
    <property name="InsertedDate" type="DateTime" not-null="true" insert="false" access="field.camelcase"/>
    <!-- endregion InsertedDate, Required (Customizable code) -->

    <!-- region UpdatedDate (Customizable code) -->
    <property name="UpdatedDate" type="DateTime" not-null="true"  access="field.camelcase"/>
    <!-- endregion UpdatedDate, Required (Customizable code) -->

    <!-- region User (Customizable code) -->
    <many-to-one name="User" class="AgriMore.Logistics.Domain.User, AgriMore.Logistics.Domain" access="field.camelcase">
      <column name="UserId" />
    </many-to-one>
    <!-- endregion User (Customizable code) -->

    <!-- region Organization (Customizable code) -->
    <many-to-one name="Organization" class="AgriMore.Logistics.Domain.Organization, AgriMore.Logistics.Domain" access="field.camelcase">
      <column name="OrgId" />
    </many-to-one>
    <!-- endregion Organization (Customizable code) -->

    <!-- region Product Supply Forecast (Customizable code) -->
    <many-to-one name="ProdSupply" class="AgriMore.Logistics.Domain.ProductSupplyForecast, AgriMore.Logistics.Domain" access="field.camelcase">
      <column name="ProdSupplyId" />
    </many-to-one>
    <!-- endregion Product Supply Forecast (Customizable code) -->
  </class>
</hibernate-mapping>