﻿<?xml version="1.0" encoding="utf-8" ?>
<hibernate-mapping xmlns="urn:nhibernate-mapping-2.0">
  <!-- region DutchAuctionDefine (Customizable code) -->
  <class name="AgriMore.Logistics.Domain.DutchAuctionDefine, AgriMore.Logistics.Domain" table="DutchAuctionDefines" lazy="false">
    <cache usage="read-write"/>
    <!-- endregion DutchAuctionDefine (Customizable code) -->

    <!-- region Id (Customizable code) -->
    <id name="Uid" column="Uid" type="Int64" unsaved-value="0" access="field.camelcase">
      <generator class="identity"/>
    </id>
    <!-- endregion Id (Customizable code) -->

    <!-- region TradingOrg (Customizable code) -->
    <many-to-one name="TradingOrg" class="AgriMore.Logistics.Domain.Organization, AgriMore.Logistics.Domain" access="field.camelcase">
      <column name="TradingOrgId" />
    </many-to-one>
    <!-- endregion TradingOrg (Customizable code) -->

    <!-- region Species (Customizable code) -->
    <many-to-one name="Product" class="AgriMore.Logistics.Domain.Species, AgriMore.Logistics.Domain" access="field.camelcase">
      <column name="ProductId" />
    </many-to-one>
    <!-- endregion Species (Customizable code) -->

    <!-- region CatTypeIds (Customizable code) -->
    <property name="CatTypeIds" type="String" access="field.camelcase"/>
    <!-- endregion CatTypeIds, Required (Customizable code) -->

    <!-- region CategoryIds (Customizable code) -->
    <property name="CategoryIds" type="string" access="field.camelcase"/>
    <!-- endregion CategoryIds, Required (Customizable code) -->

    <!-- region SupplierIds (Customizable code) -->
    <property name="SupplierIds" type="string" access="field.camelcase"/>
    <!-- endregion SupplierIds, Required (Customizable code) -->

    <!-- region StartDate (Customizable code) -->
    <property name="StartDate" type="DateTime" not-null="true" access="field.camelcase"/>
    <!-- endregion StartDate, Required (Customizable code) -->

    <!-- region EndDate (Customizable code) -->
    <property name="EndDate" type="DateTime" access="field.camelcase"/>
    <!-- endregion EndDate, Required (Customizable code) -->

    <!-- region MaxPrice (Customizable code) -->
    <property name="MaxPrice" type="Decimal" access="field.camelcase"/>
    <!-- endregion MaxPrice, Required (Customizable code) -->

    <!-- region MinPrice (Customizable code) -->
    <property name="MinPrice" type="Decimal" access="field.camelcase"/>
    <!-- endregion MinPrice, Required (Customizable code) -->

    <!-- region MinPrice (Customizable code) -->
    <property name="CurPrice" type="Decimal" access="field.camelcase"/>
    <!-- endregion MinPrice, Required (Customizable code) -->

    <!-- region Decrement Price (Customizable code) -->
    <property name="DecrementPrice" type="String" access="field.camelcase"/>
    <!-- endregion Decrement Price, Required (Customizable code) -->

    <!-- region UOM (Customizable code) -->
    <many-to-one name="Uom" class="AgriMore.Logistics.Domain.UnitOfMeasurement, AgriMore.Logistics.Domain" access="field.camelcase">
      <column name="UomId" />
    </many-to-one>
    <!-- region UOM (Customizable code) -->

    <!-- region Currency (Customizable code) -->
    <property name="Currency" type="String" access="field.camelcase"/>
    <!-- endregion Currency, Required (Customizable code) -->

    <!-- region StartAt (Customizable code) -->
    <property name="StartAt" type="DateTime" access="field.camelcase"/>
    <!-- endregion StartAt, Required (Customizable code) -->

    <!-- region StartTime (Customizable code) -->
    <property name="StartTime" type="Int32" access="field.camelcase"/>
    <!-- endregion StartTime, Required (Customizable code) -->

    <!-- region ClosedAt (Customizable code) -->
    <property name="ClosedAt" type="DateTime" access="field.camelcase"/>
    <!-- endregion ClosedAt, Required (Customizable code) -->

    <!-- region ClosedTime (Customizable code) -->
    <property name="ClosedTime" type="Int32" access="field.camelcase"/>
    <!-- endregion ClosedTime, Required (Customizable code) -->

    <!-- region ClockRunningTime (Customizable code) -->
    <property name="ClockRunningTime" type="Int32" access="field.camelcase"/>
    <!-- endregion ClockRunningTime (Customizable code) -->

    <!-- region ProdForecastIds (Customizable code) -->
    <property name="ProdForecastIds" type="string" access="field.camelcase"/>
    <!-- endregion ProdForecastIds, Required (Customizable code) -->

    <!-- region CreatedBy (Customizable code) -->
    <property name="CreatedBy" type="string" access="field.camelcase"/>
    <!-- endregion CreatedBy, Required (Customizable code) -->

    <!-- region CreatedAt (Customizable code) -->
    <property name="CreatedAt" type="DateTime" access="field.camelcase"/>
    <!-- endregion CreatedAt, Required (Customizable code) -->

    <!-- region InvitedOrgs (Customizable code) -->
    <set name="InvitedOrgs" table="DutchAuctionInvitation" lazy="true" batch-size="100" access="field.camelcase">
      <key>
        <column name="DutchAuctionId"/>
      </key>
      <many-to-many class="AgriMore.Logistics.Domain.Organization, AgriMore.Logistics.Domain">
        <column name="OrgId"/>
      </many-to-many>
    </set>
    <!-- endregion InvitedOrgs (Customizable code) -->
  </class>
</hibernate-mapping>