﻿<?xml version="1.0" encoding="utf-8" ?>
<hibernate-mapping xmlns="urn:nhibernate-mapping-2.0">
  <class name="AgriMore.Logistics.Domain.DutchAuction4CompositeProductPriceDetail, AgriMore.Logistics.Domain" table="DutchAuction4CompositeProduct_PriceDetails" lazy="false">
    <id name="Uid" column="Uid" type="Int64" unsaved-value="0">
      <generator class="identity"/>
    </id>

    <property name="AgreedPrice" type="Decimal" not-null="false" />
    <property name="MinPrice" type="Decimal" not-null="false" />
    <property name="MaxPrice" type="Decimal" not-null="false" />
    <property name="Currency" type="String" not-null="false" />

    <many-to-one name="Product4CompositeProdFav" class="AgriMore.Logistics.Domain.Products4CompositeProductFavourite, AgriMore.Logistics.Domain">
      <column name="Product4CompositeProdFavId" />
    </many-to-one>

    <many-to-one name="DutchAuction4CompositeProd" class="AgriMore.Logistics.Domain.DutchAuction4CompositeProduct, AgriMore.Logistics.Domain">
      <column name="DthAuctionCompositeProdId" />
    </many-to-one>
  </class>
</hibernate-mapping>