﻿<?xml version="1.0" encoding="utf-8" ?>
<hibernate-mapping xmlns="urn:nhibernate-mapping-2.0">
  <!-- region DutchAuctionDefine (Customizable code) -->
  <class name="AgriMore.Logistics.Domain.DutchAuctionWonPrdSupply, AgriMore.Logistics.Domain" table="DutchAuctionWonSupplies" lazy="false">
    <cache usage="read-write"/>
    <!-- endregion DutchAuctionDefine (Customizable code) -->

    <!-- region Id (Customizable code) -->
    <id name="Uid" column="Uid" type="Int64" unsaved-value="0" access="field.camelcase">
      <generator class="identity"/>
    </id>
    <!-- endregion Id (Customizable code) -->

    <!-- region ProdSupplyId (Customizable code) -->
    <property name="ProdSupplyId" type="Int64" access="field.camelcase"/>
    <!-- endregion ProdSupplyId, Required (Customizable code) -->

    <!-- region Confirmed (Customizable code) -->
    <property name="Confirmed" type="Int16" access="field.camelcase"/>
    <!-- endregion Confirmed, Required (Customizable code) -->
    
    <!-- region Amount (Customizable code) -->
    <property name="Amount" type="Int64" access="field.camelcase"/>
    <!-- endregion Amount, Required (Customizable code) -->

    <!-- region DutchWon (Customizable code) -->
    <many-to-one name="DutchWon" class="AgriMore.Logistics.Domain.DutchAuctionWonBid, AgriMore.Logistics.Domain" cascade="save-update" access="field.camelcase">
      <column name="DutchWonId" />
    </many-to-one>
    <!-- endregion DutchWon (Customizable code) -->
  </class>
</hibernate-mapping>