﻿<?xml version="1.0" encoding="utf-8" ?>
<hibernate-mapping xmlns="urn:nhibernate-mapping-2.0">
  <!-- region DutchAuctionDefine (Customizable code) -->
  <class name="AgriMore.Logistics.Domain.DutchAuctionWonBid, AgriMore.Logistics.Domain" table="DutchAuctionWonBids" lazy="false">
    <cache usage="read-write"/>
    <!-- endregion DutchAuctionDefine (Customizable code) -->

    <!-- region Id (Customizable code) -->
    <id name="Uid" column="Uid" type="Int64" unsaved-value="0" access="field.camelcase">
      <generator class="identity"/>
    </id>
    <!-- endregion Id (Customizable code) -->

    <!-- region WonOrg (Customizable code) -->
    <many-to-one name="WonOrg" class="AgriMore.Logistics.Domain.Organization, AgriMore.Logistics.Domain" cascade="none" access="field.camelcase">
      <column name="WonOrgId" />
    </many-to-one>
    <!-- endregion WonOrg (Customizable code) -->

    <!-- region WonItems (Customizable code) -->
    <property name="WonItems" type="string" access="field.camelcase"/>
    <!-- endregion WonItems, Required (Customizable code) -->

    <!-- region WonAmount (Customizable code) -->
    <property name="WonAmount" type="Int64" access="field.camelcase"/>
    <!-- endregion WonAmount (Customizable code) -->

    <!-- region WonPrice (Customizable code) -->
    <property name="WonPrice" type="Decimal" access="field.camelcase"/>
    <!-- endregion WonPrice, Required (Customizable code) -->

    <!-- region Currency (Customizable code) -->
    <property name="Currency" type="String" access="field.camelcase"/>
    <!-- endregion Currency, Required (Customizable code) -->

    <!-- region DutchAuction (Customizable code) -->
    <many-to-one name="DutchAuction" class="AgriMore.Logistics.Domain.DutchAuctionDefine, AgriMore.Logistics.Domain" cascade="save-update" access="field.camelcase">
      <column name="DutchAuctId" />
    </many-to-one>
    <!-- region DutchAuction (Customizable code) -->

    <!-- region Confirmed (Customizable code) -->
    <property name="Confirmed" type="Int16" access="field.camelcase"/>
    <!-- endregion Confirmed, Required (Customizable code) -->

    <!-- region BiddedBy (Customizable code) -->
    <property name="BiddedBy" type="string" access="field.camelcase"/>
    <!-- endregion BiddedBy, Required (Customizable code) -->

    <!-- region ConfirmProdIds (Customizable code) -->
    <property name="ConfirmProdIds" type="string" access="field.camelcase"/>
    <!-- endregion ConfirmProdIds (Customizable code) -->

    <!-- region BiddedAt (Customizable code) -->
    <property name="BiddedAt" type="DateTime" access="field.camelcase"/>
    <!-- endregion BiddedAt, Required (Customizable code) -->

    <!-- region ProdSupplies, Composite (Customizable code) -->
    <set name="ProdSupplies" cascade="all-delete-orphan" lazy="true" batch-size="100" access="field.camelcase">
      <key>
        <column name="DutchWonId"/>
      </key>
      <one-to-many class="AgriMore.Logistics.Domain.DutchAuctionWonPrdSupply, AgriMore.Logistics.Domain"/>
    </set>
    <!-- endregion ProdSupplies, Composite (Customizable code) -->
  </class>
</hibernate-mapping>