﻿<?xml version="1.0" encoding="utf-8" ?>
<hibernate-mapping xmlns="urn:nhibernate-mapping-2.0">
  <!-- region EmailLogger (Customizable code) -->
  <class name="AgriMore.Logistics.Domain.EmailLogger, AgriMore.Logistics.Domain" table="EmailLogger" lazy="false">
    <cache usage="read-write"/>
    <!-- endregion EmailLogger (Customizable code) -->

    <!-- region Id (Customizable code) -->
    <id name="Uid" column="Uid" type="Int64" unsaved-value="0" access="field.camelcase">
      <generator class="identity"/>
    </id>
    <!-- endregion Id (Customizable code) -->

    <!-- region SentDate (Customizable code) -->
    <property name="SentDate" type="DateTime" not-null="true" access="field.camelcase"/>
    <!-- endregion SentDate (Customizable code) -->

    <!-- region ToEmails (Customizable code) -->
    <property name="ToEmails" type="String" not-null="false" access="field.camelcase"/>
    <!-- endregion ToEmails (Customizable code) -->

    <!-- region CcEmails (Customizable code) -->
    <property name="CcEmails" type="String" not-null="false" access="field.camelcase"/>
    <!-- endregion CcEmails (Customizable code) -->

    <!-- region BccEmails (Customizable code) -->
    <property name="BccEmails" type="String" not-null="false" access="field.camelcase"/>
    <!-- endregion BccEmails (Customizable code) -->

    <!-- region EmailSubject (Customizable code) -->
    <property name="EmailSubject" type="String" not-null="false" access="field.camelcase"/>
    <!-- endregion EmailSubject (Customizable code) -->

    <!-- region MailContent (Customizable code) -->
    <property name="MailContent" type="String" not-null="false" access="field.camelcase"/>
    <!-- endregion MailContent (Customizable code) -->

    <!-- region ProcessType (Customizable code) -->
    <property name="ProcessType" type="String" not-null="false" access="field.camelcase"/>
    <!-- endregion ProcessType (Customizable code) -->

  </class>
</hibernate-mapping>