<?xml version="1.0" encoding="utf-8" ?>
<hibernate-mapping xmlns="urn:nhibernate-mapping-2.0">
    <!-- region ExposureDocument (Customizable code) -->
    <class name="AgriMore.Logistics.Domain.ExposureDocument, AgriMore.Logistics.Domain" table="`ExposureDocument`" lazy="false">
    <!-- endregion ExposureDocument (Customizable code) -->

        <!-- region Id (Customizable code) -->
        <id name="Uid" column="Uid" type="Int64" unsaved-value="0" access="field.camelcase">
            <generator class="identity"/>
        </id>
        <!-- endregion Id (Customizable code) -->

 
        <!-- region DateOfPlacement, Required (Customizable code) -->
        <property name="DateOfPlacement" type="DateTime" not-null="true" access="field.camelcase"/>
        <!-- endregion DateOfPlacement, Required (Customizable code) -->
 
        <!-- region DateOfRemoval, Required (Customizable code) -->
        <property name="DateOfRemoval" type="DateTime" not-null="true" access="field.camelcase"/>
        <!-- endregion DateOfRemoval, Required (Customizable code) -->

        <!-- region Package, Required (Customizable code) -->
        <many-to-one name="Package" class="AgriMore.Logistics.Domain.Package, AgriMore.Logistics.Domain" cascade="save-update" access="field.camelcase">
		    <column name="PackageId"  not-null="true"/>
        </many-to-one>
        <!-- endregion Package, Required (Customizable code) -->

        <!-- region Location, Required, Indexed (Customizable code) -->
        <many-to-one name="Location" class="AgriMore.Logistics.Domain.Location, AgriMore.Logistics.Domain" cascade="save-update" access="field.camelcase">
		    <column name="LocationId"  not-null="true" index="NDX_ExposureDocument_Location"/>
        </many-to-one>
        <!-- endregion Location, Required, Indexed (Customizable code) -->

        <!-- region Exposures, Composite (Customizable code) -->
        <set name="Exposures" cascade="all-delete-orphan" lazy="true" batch-size="100" access="field.camelcase">
            <key>
		        <column name="ExposureDocumentId" index="NDX_ExposureDocument_Exposures"/>
            </key>
            <one-to-many class="AgriMore.Logistics.Domain.Exposure, AgriMore.Logistics.Domain"/>
        </set>    
        <!-- endregion Exposures, Composite (Customizable code) -->
    </class>
</hibernate-mapping>