﻿<?xml version="1.0" encoding="utf-8" ?>
<hibernate-mapping xmlns="urn:nhibernate-mapping-2.0">
  <!-- region BiddingDefine (Customizable code) -->
  <class name="AgriMore.Logistics.Domain.ExposureType, AgriMore.Logistics.Domain" table="ExposureDefine" lazy="false">
    <cache usage="read-write"/>
    <!-- endregion BiddingDefine (Customizable code) -->

    <!-- region Id (Customizable code) -->
    <id name="Uid" column="Uid" type="Int64" unsaved-value="0" access="field.camelcase">
      <generator class="identity"/>
    </id>
    <!-- endregion Id (Customizable code) -->

    <!-- region Name (Customizable code) -->
    <property name="Temperature" type="Int32" not-null="true" access="field.camelcase"/>
    <!-- endregion Name, Required (Customizable code) -->     

    <!-- region Uom (Customizable code) -->
    <many-to-one name="TemperatureUoM" class="AgriMore.Logistics.Domain.UnitOfMeasurement, AgriMore.Logistics.Domain" cascade="save-update" access="field.camelcase">
      <column name="TemperatureUOMId" />
    </many-to-one>    
  </class>
</hibernate-mapping>