﻿<?xml version="1.0" encoding="utf-8" ?>
<hibernate-mapping xmlns="urn:nhibernate-mapping-2.0">
  <!-- region Category (Customizable code) -->
  <class name="AgriMore.Logistics.Domain.FinalCostCodes, AgriMore.Logistics.Domain" table="`FinalCostCodes`" lazy="false">
    <cache usage="read-write"/>
    <!-- endregion Category (Customizable code) -->

    <!-- region Id (Customizable code) -->
    <id name="Uid" column="Uid" type="Int64" unsaved-value="0" access="field.camelcase">
      <generator class="identity"/>
    </id>
    <!-- endregion Id (Customizable code) -->

    <!-- region Name, Required (Customizable code) -->
    <property name="Name" type="String" not-null="true" access="field.camelcase"/>
    <!-- endregion Name, Required (Customizable code) -->

    <!-- region Gs1Code, Required (Customizable code) -->
    <property name="Gs1Code" type="String" not-null="false" access="field.camelcase"/>
    <!-- endregion Gs1Code, Required (Customizable code) -->

	  <!-- region LedgerCode, Required (Customizable code) -->
	  <property name="LedgerCode" type="String" not-null="false" access="field.camelcase"/>
	  <!-- endregion LedgerCode, Required (Customizable code) -->

    <!-- region OtherCode, Required (Customizable code) -->
    <property name="OtherCode" type="String" not-null="false" access="field.camelcase"/>
    <!-- endregion OtherCode, Required (Customizable code) -->

	  <!-- region RefCode, Required (Customizable code) -->
	  <property name="RefCode" type="Int64" not-null="false" access="field.camelcase"/>
	  <!-- endregion RefCode, Required (Customizable code) -->
	  
	  <!-- region InvChargeCatLangs, Composite (Customizable code) -->
	  <set name="FinalCostCodesLangs" cascade="all-delete-orphan" lazy="true" batch-size="100" access="field.camelcase">
		  <cache usage="read-write"/>
		  <key>
			  <column name="FinalCostCodeId" />
		  </key>
		  <one-to-many class="AgriMore.Logistics.Domain.FinalCostCodesLang, AgriMore.Logistics.Domain"/>
	  </set>
	  <!-- endregion InvChargeCatLangs, Composite (Customizable code) -->
  </class>
</hibernate-mapping>