﻿<?xml version="1.0" encoding="utf-8" ?>
<hibernate-mapping xmlns="urn:nhibernate-mapping-2.0">
  <!-- region Color (Customizable code) -->
  <class name="AgriMore.Logistics.Domain.ForecastReminderEmailStructure, AgriMore.Logistics.Domain" table="`ForecastReminderEmailStructure`" lazy="false">
    <cache usage="read-write"/>
    <!-- endregion Color (Customizable code) -->

    <!-- region Id (Customizable code) -->
    <id name="Uid" column="Uid" type="Int64" unsaved-value="0" access="field.camelcase">
      <generator class="identity"/>
    </id>
    <!-- endregion Id (Customizable code) -->

    <!-- region Name, Required (Customizable code) -->
    <property name="LanguageCode" type="String" not-null="true" access="field.camelcase"/>
    <!-- endregion Name, Required (Customizable code) -->

    <!-- region Gs1Code, Required (Customizable code) -->
    <property name="EmailSubject" type="String" not-null="false" access="field.camelcase"/>
    <!-- endregion Gs1Code, Required (Customizable code) -->

	  <!-- region LedgerCode, Required (Customizable code) -->
	  <property name="EmailBody" type="String" not-null="false" access="field.camelcase"/>
	  <!-- endregion LedgerCode, Required (Customizable code) -->

  </class>
</hibernate-mapping>