﻿<?xml version="1.0" encoding="utf-8" ?>
<hibernate-mapping xmlns="urn:nhibernate-mapping-2.0">
  <!-- region ForecastReminderDefine (Customizable code) -->
  <class name="AgriMore.Logistics.Domain.ForecastReminderDefine, AgriMore.Logistics.Domain" table="ForecastReminderDefine" lazy="false">
    <cache usage="read-write"/>
    <!-- endregion ForecastReminderDefine (Customizable code) -->

    <!-- region Id (Customizable code) -->
    <id name="Uid" column="Uid" type="Int64" unsaved-value="0" access="field.camelcase">
      <generator class="identity"/>
    </id>
    <!-- endregion Id (Customizable code) -->

    <!-- region FromDate (Customizable code) -->
    <property name="FromDate" type="DateTime" access="field.camelcase"/>
    <!-- endregion FromDate (Customizable code) -->

    <!-- region ToDate (Customizable code) -->
    <property name="ToDate" type="DateTime" not-null="true" access="field.camelcase"/>
    <!-- endregion ToDate (Customizable code) -->
    
    <!-- region ReminderOn (Customizable code) -->
    <property name="ReminderOn" type="String" not-null="true" access="field.camelcase"/>
    <!-- endregion ReminderOn (Customizable code) -->

    <!-- region ReminderPeriod (Customizable code) -->
    <property name="ReminderPeriod" type="Int32" access="field.camelcase"/>
    <!-- endregion ReminderPeriod (Customizable code) -->

    <!-- region ToEmail (Customizable code) -->
    <property name="ToEmail" type="String" access="field.camelcase"/>
    <!-- endregion ToEmail (Customizable code) -->

    <!-- region CcEmail (Customizable code) -->
    <property name="CcEmail" type="String" access="field.camelcase"/>
    <!-- endregion CcEmail (Customizable code) -->

	  <!-- region OnlyForHarvestDays (Customizable code) -->
	  <property name="OnlyForHarvestDays" type="Boolean" access="field.camelcase"/>
	  <!-- endregion OnlyForHarvestDays (Customizable code) -->
    
    <!-- region InvitedOrgs (Customizable code) -->
    <set name="Growers" table="ReminderGrower" cascade="none" lazy="true" batch-size="100" access="field.camelcase">
      <key>
        <column name="ReminderId"/>
      </key>
      <many-to-many class="AgriMore.Logistics.Domain.Organization, AgriMore.Logistics.Domain">
        <column name="GrowerId"/>
      </many-to-many>
    </set>
    <!-- endregion InvitedOrgs (Customizable code) -->
	  
	  <!-- region Emails (Customizable code) -->
	  <set name="Emails" cascade="all-delete-orphan" lazy="false" batch-size="100" inverse="true" access="field.camelcase">
		  <cache usage="read-write"/>
		  <key>
			  <column name="ForecastReminderDefineId"/>
		  </key>
		  <one-to-many class="AgriMore.Logistics.Domain.ForecastReminderDefineEmail, AgriMore.Logistics.Domain"/>
	  </set>
	  <!-- endregion Emails (Customizable code) -->
	  
  </class>
</hibernate-mapping>