﻿<?xml version="1.0" encoding="utf-8" ?>
<hibernate-mapping xmlns="urn:nhibernate-mapping-2.0">
  <!-- region HarvestDay (Customizable code) -->
  <class name="AgriMore.Logistics.Domain.HarvestDay, AgriMore.Logistics.Domain" table="`HarvestDay`" lazy="false">
    <!-- endregion HarvestDay (Customizable code) -->

    <!-- region Id (Customizable code) -->
    <id name="Uid" column="Uid" type="Int64" unsaved-value="0" access="field.camelcase">
      <generator class="identity"/>
    </id>
    <!-- endregion Id (Customizable code) -->

    <!-- region Organization (Customizable code) -->
    <many-to-one name="Organization" class="AgriMore.Logistics.Domain.Organization, AgriMore.Logistics.Domain" access="field.camelcase">
      <column name="OrgId" />
    </many-to-one>
    <!-- endregion Organization (Customizable code) -->
    
    <!-- region Species (Customizable code) -->
    <many-to-one name="Species" class="AgriMore.Logistics.Domain.Species, AgriMore.Logistics.Domain" access="field.camelcase">
      <column name="SpeciesId" />
    </many-to-one>
    <!-- endregion Species (Customizable code) -->

    <!-- region AddressId (Customizable code) -->
    <property name="AddressId" type="Int64" not-null="false" access="field.camelcase"/>
    <!-- endregion AddressId (Customizable code) -->

    <!-- region LocationId (Customizable code) -->
    <property name="LocationId" type="Int64" not-null="false" access="field.camelcase"/>
    <!-- endregion LocationId (Customizable code) -->    

    <!-- region CreatedBy (Customizable code) -->
    <many-to-one name="CreatedBy" class="AgriMore.Logistics.Domain.User, AgriMore.Logistics.Domain" access="field.camelcase">
      <column name="CreatedBy" />
    </many-to-one>
    <!-- endregion CreatedBy (Customizable code) -->

    <!-- region FromDate, Required (Customizable code) -->
    <property name="FromDate" type="DateTime" not-null="true" access="field.camelcase"/>
    <!-- endregion FromDate, Required (Customizable code) -->

    <!-- region ToDate, Required (Customizable code) -->
    <property name="ToDate" type="DateTime" not-null="true" access="field.camelcase"/>
    <!-- endregion ToDate, Required (Customizable code) -->

    <!-- region DayOfWeek, Required (Customizable code) -->
    <property name="DayOfWeek" type="string" access="field.camelcase"/>
    <!-- endregion DayOfWeek, Required (Customizable code) -->

    <!-- region OthersDay, Required (Customizable code) -->
    <property name="OthersDay" type="string" access="field.camelcase"/>
    <!-- endregion OthersDay, Required (Customizable code) -->

  </class>
</hibernate-mapping>
  