﻿<?xml version="1.0" encoding="utf-8" ?>
<hibernate-mapping xmlns="urn:nhibernate-mapping-2.0">
  <!-- region Invoicing (Customizable code) -->
  <class name="AgriMore.Logistics.Domain.Invoicing, AgriMore.Logistics.Domain" table="Invoicings" lazy="false">
    <!-- endregion Invoicing (Customizable code) -->

    <!-- region Id (Customizable code) -->
    <id name="Uid" column="Uid" type="Int64" unsaved-value="0" access="field.camelcase">
      <generator class="identity"/>
    </id>
    <!-- endregion Id (Customizable code) -->

    <!-- region ProductIds (Customizable code) -->
    <property name="ProductIds" type="String" access="field.camelcase"/>
    <!-- endregion ProductIds (Customizable code) -->

    <!-- region InvoiceType (Customizable code) -->
    <property name="InvoiceType" type="Int32" access="field.camelcase"/>
    <!-- endregion InvoiceType (Customizable code) -->

    <!-- region TotalPayableVat (Customizable code) -->
    <property name="TotalPayableVat" type="Decimal" access="field.camelcase"/>
    <!-- endregion TotalPayableVat (Customizable code) -->

    <!-- region TotalPayableExVat (Customizable code) -->
    <property name="TotalPayableExVat" type="Decimal" access="field.camelcase"/>
    <!-- endregion TotalPayableExVat (Customizable code) -->

    <!-- region TotalPayableInclVat (Customizable code) -->
    <property name="TotalPayableInclVat" type="Decimal" access="field.camelcase"/>
    <!-- endregion TotalPayableInclVat (Customizable code) -->

    <!-- region ProdPayableVat (Customizable code) -->
    <property name="ProdPayableVat" type="Decimal" access="field.camelcase"/>
    <!-- endregion ProdPayableVat (Customizable code) -->

    <!-- region ProdPayableExVat (Customizable code) -->
    <property name="ProdPayableExVat" type="Decimal" access="field.camelcase"/>
    <!-- endregion ProdPayableExVat (Customizable code) -->

    <!-- region ProdPayableInclVat (Customizable code) -->
    <property name="ProdPayableInclVat" type="Decimal" access="field.camelcase"/>
    <!-- endregion ProdPayableInclVat (Customizable code) -->

    <!-- region PackPayableVat (Customizable code) -->
    <property name="PackPayableVat" type="Decimal" access="field.camelcase"/>
    <!-- endregion PackPayableVat (Customizable code) -->

    <!-- region PackPayableExVat (Customizable code) -->
    <property name="PackPayableExVat" type="Decimal" access="field.camelcase"/>
    <!-- endregion PackPayableExVat (Customizable code) -->

    <!-- region PackPayableInclVat (Customizable code) -->
    <property name="PackPayableInclVat" type="Decimal" access="field.camelcase"/>
    <!-- endregion PackPayableInclVat (Customizable code) -->

    <!-- region AddChargeVat (Customizable code) -->
    <property name="AddChargeVat" type="Decimal" access="field.camelcase"/>
    <!-- endregion AddChargeVat (Customizable code) -->

    <!-- region AddChargeExVat (Customizable code) -->
    <property name="AddChargeExVat" type="Decimal" access="field.camelcase"/>
    <!-- endregion AddChargeExVat (Customizable code) -->

    <!-- region AddChargeInclVat (Customizable code) -->
    <property name="AddChargeInclVat" type="Decimal" access="field.camelcase"/>
    <!-- endregion AddChargeInclVat (Customizable code) -->

    <!-- region Currency (Customizable code) -->
    <property name="Currency" type="String" access="field.camelcase"/>
    <!-- endregion Currency (Customizable code) -->

    <!-- region InvoicePeriod (Customizable code) -->
    <property name="InvoicePeriod" type="String" access="field.camelcase"/>
    <!-- endregion InvoicePeriod (Customizable code) -->

    <!-- region PaymentDate (Customizable code) -->
    <property name="PaymentDate" type="DateTime" access="field.camelcase"/>
    <!-- endregion PaymentDate (Customizable code) -->

    <!-- region PaymentPeriodFrom (Customizable code) -->
    <property name="PaymentPeriodFrom" type="DateTime" access="field.camelcase"/>
    <!-- endregion PaymentPeriodFrom (Customizable code) -->

    <!-- region PaymentPeriodTo (Customizable code) -->
    <property name="PaymentPeriodTo" type="DateTime" access="field.camelcase"/>
    <!-- endregion PaymentPeriodTo (Customizable code) -->

    <!-- region InvoiceStatus (Customizable code) -->
    <property name="InvoiceStatus" type="Int32" access="field.camelcase"/>
    <!-- endregion InvoiceStatus (Customizable code) -->

    <!-- region SellerOrg (Customizable code) -->
    <many-to-one name="SellerOrg" class="AgriMore.Logistics.Domain.Organization, AgriMore.Logistics.Domain" cascade="none" access="field.camelcase">
      <column name="SellerOrgId" />
    </many-to-one>
    <!-- endregion SellerOrg (Customizable code) -->

    <!-- region ForOrgId (Customizable code) -->
    <property name="ForOrgId" type="String" access="field.camelcase"/>
    <!-- endregion ForOrgId (Customizable code) -->

    <!-- region SellerRef1 (Customizable code) -->
    <property name="SellerRef1" type="String" access="field.camelcase"/>
    <!-- endregion SellerRef1 (Customizable code) -->

    <!-- region SellerRef2 (Customizable code) -->
    <property name="SellerRef2" type="String" access="field.camelcase"/>
    <!-- endregion SellerRef2 (Customizable code) -->

    <!-- region BuyerRef1 (Customizable code) -->
    <property name="BuyerRef1" type="String" access="field.camelcase"/>
    <!-- endregion BuyerRef1 (Customizable code) -->

    <!-- region BuyerRef2 (Customizable code) -->
    <property name="BuyerRef2" type="String" access="field.camelcase"/>
    <!-- endregion BuyerRef2 (Customizable code) -->

    <!-- region ProducerRef1 (Customizable code) -->
    <property name="ProducerRef1" type="String" access="field.camelcase"/>
    <!-- endregion ProducerRef1 (Customizable code) -->

    <!-- region ProducerRef2 (Customizable code) -->
    <property name="ProducerRef2" type="String" access="field.camelcase"/>
    <!-- endregion ProducerRef2 (Customizable code) -->

    <!-- region PackSlipNumber (Customizable code) -->
    <property name="PackSlipNumber" type="String" access="field.camelcase"/>
    <!-- endregion PackSlipNumber (Customizable code) -->

    <!-- region Remarks (Customizable code) -->
    <property name="Remarks" type="String" access="field.camelcase"/>
    <!-- endregion Remarks (Customizable code) -->

    <!-- region HasCrtive (Customizable code) -->
    <property name="HasCrtive" type="Int32" not-null="false" access="field.camelcase"/>
    <!-- endregion HasCrtive (Customizable code) -->

    <!--  region InvoicingCharges, Composite (Customizable code)  -->
    <set name="InvoicingCharges" cascade="all-delete-orphan" lazy="true" batch-size="100" access="field.camelcase">
      <key>
        <column name="InvoicingId"/>
      </key>
      <one-to-many class="AgriMore.Logistics.Domain.InvoicingCharge, AgriMore.Logistics.Domain"/>
    </set>
    <!--  endregion InvoicingCharges, Composite (Customizable code)  -->
  </class>
</hibernate-mapping>