﻿<?xml version="1.0" encoding="utf-8" ?>
<hibernate-mapping xmlns="urn:nhibernate-mapping-2.0">
  <!-- region BiddingDefine (Customizable code) -->
  <class name="AgriMore.Logistics.Domain.InvoiceCharge, AgriMore.Logistics.Domain" table="InvoiceCharges" lazy="false">
    <cache usage="read-write"/>
    <!-- endregion BiddingDefine (Customizable code) -->

    <!-- region Id (Customizable code) -->
    <id name="Uid" column="Uid" type="Int64" unsaved-value="0" access="field.camelcase">
      <generator class="identity"/>
    </id>
    <!-- endregion Id (Customizable code) -->

    <!-- region Name (Customizable code) -->
    <property name="Name" type="String" not-null="true" access="field.camelcase"/>
    <!-- endregion Name, Required (Customizable code) -->

    <!-- region Price (Customizable code) -->
    <property name="Price" type="Decimal" not-null="true" access="field.camelcase"/>
    <!-- endregion Price, Required (Customizable code) -->

    <!-- region Currency (Customizable code) -->
    <property name="Currency" type="String" not-null="true" access="field.camelcase"/>
    <!-- endregion Currency, Required (Customizable code) -->

    <!-- region InvoiceChargePriceType (Customizable code) -->
    <property name="ChargePriceType" type="Int32" access="field.camelcase"/>
    <!-- endregion InvoiceChargePriceType (Customizable code) -->

    <!-- region Amount (Customizable code) -->
    <property name="Amount" type="Int32" not-null="false" access="field.camelcase"/>
    <!-- endregion Amount, Required (Customizable code) -->

    <!-- region UomId (Customizable code) -->
    <property name="UomId" type="Int64" not-null="false" access="field.camelcase"/>
    <!-- endregion UomId, Required (Customizable code) -->
    
    <!-- region AutoUpdateWithNewProduct (Customizable code) -->
    <property name="AutoUpdateWithNewProduct" type="Boolean" not-null="true" access="field.camelcase"/>
    <!-- endregion AutoUpdateWithNewProduct (Customizable code) -->

    <!-- region AutoUpdateWithNewOrganization (Customizable code) -->
	  <property name="AutoUpdateWithNewOrganization" type="Boolean" not-null="true" access="field.camelcase"/>
	  <!-- endregion AutoUpdateWithNewOrganization (Customizable code) -->
	  
    <!-- region ForInvType (Customizable code) -->
    <property name="ForInvType" type="Int32" access="field.camelcase"/>
    <!-- endregion ForInvType (Customizable code) -->

    <!-- region InvChargeCategory (Customizable code) -->
    <many-to-one name="InvChargeCategory" class="AgriMore.Logistics.Domain.InvoiceChargeCategory, AgriMore.Logistics.Domain" cascade="save-update" access="field.camelcase">
      <column name="CategoryId" />
    </many-to-one>
    <!-- endregion InvChargeCategory (Customizable code) -->

    <!-- region ForProducts (Customizable code) -->
    <set name="ForProducts" table="InvoiceChargeForProducts" cascade="none" lazy="true" batch-size="100" access="field.camelcase">
      <key>
        <column name="InvChargeId"/>
      </key>
      <many-to-many class="AgriMore.Logistics.Domain.Species, AgriMore.Logistics.Domain">
        <column name="ProductId"/>
      </many-to-many>
    </set>
    <!-- endregion ForProducts (Customizable code) -->

    <!-- region ForProducts (Customizable code) -->
    <set name="ForAvailabelProducts" table="InvoiceChargeForAvailableProducts" cascade="none" lazy="true" batch-size="100" access="field.camelcase">
      <key>
        <column name="InvChargeId"/>
      </key>
      <many-to-many class="AgriMore.Logistics.Domain.Species, AgriMore.Logistics.Domain">
        <column name="ProductId"/>
      </many-to-many>
    </set>
    <!-- endregion ForProducts (Customizable code) -->

    <!-- region ForOrganizations (Customizable code) -->
    <set name="ForOrganizations" table="InvoiceChargeForOrganizations" cascade="none" lazy="true" batch-size="100" access="field.camelcase">
      <key>
        <column name="InvChargeId"/>
      </key>
      <many-to-many class="AgriMore.Logistics.Domain.Organization, AgriMore.Logistics.Domain">
        <column name="OrgId"/>
      </many-to-many>
    </set>
    <!-- endregion ForOrganizations (Customizable code) -->
    
	  <!-- region ForAvaiableOrganizations (Customizable code) -->
    <set name="ForAvaiableOrganizations" table="InvoiceChargeForAvailableOrganizations" cascade="none" lazy="true" batch-size="100" access="field.camelcase">
		  <key>
			  <column name="InvChargeId"/>
		  </key>
		  <many-to-many class="AgriMore.Logistics.Domain.Organization, AgriMore.Logistics.Domain">
			  <column name="OrgId"/>
		  </many-to-many>
	  </set>
    <!-- endregion ForAvaiableOrganizations (Customizable code) -->

    <!-- region InvChargeLangs, Composite (Customizable code) -->
    <set name="InvChargeLangs" cascade="all-delete-orphan" lazy="true" batch-size="100" access="field.camelcase">
      <cache usage="read-write"/>
      <key>
        <column name="InvChargeId" />
      </key>
      <one-to-many class="AgriMore.Logistics.Domain.InvoiceChargeLang, AgriMore.Logistics.Domain"/>
    </set>
    <!-- endregion InvChargeLangs, Composite (Customizable code) -->
  </class>
</hibernate-mapping>