﻿<?xml version="1.0" encoding="utf-8" ?>
<hibernate-mapping xmlns="urn:nhibernate-mapping-2.0">
  <class name="AgriMore.Logistics.Domain.InvoiceShipment, AgriMore.Logistics.Domain" table="invoice_shipment" lazy="true">
    <!-- region Id (Customizable code) -->
    <id name="Uid" column="Uid" type="Int64" unsaved-value="0">
      <generator class="identity"/>
    </id>
    <!-- endregion Id (Customizable code) -->

    <property name="ShipmentId" type="Int64" />
    <property name="ShipmentDate" type="DateTime" not-null="true" />
    <property name="ShipmentRef" type="String" />
    <property name="FromOrgId" type="String" not-null="true" />
    <property name="FromAddressId" type="Int64" />
    <property name="FromLocationId" type="Int64" />
    <property name="FromLocation" type="String" />
    <property name="FromStreetName" type="String" />
    <property name="FromStreetNumber" type="String" />
    <property name="FromZipCode" type="String" />
    <property name="FromCity" type="String" />
    <property name="FromProvince" type="String" />
    <property name="FromCountry" type="String" />
    <property name="ToOrgId" type="String" not-null="true" />
    <property name="ToAddressId" type="Int64" />
    <property name="ToLocationId" type="Int64" />
    <property name="ToLocation" type="String" />
    <property name="ToStreetName" type="String" />
    <property name="ToStreetNumber" type="String" />
    <property name="ToZipCode" type="String" />
    <property name="ToCity" type="String" />
    <property name="ToProvince" type="String" />
    <property name="ToCountry" type="String" />

    <bag name="Products" cascade="all-delete-orphan" batch-size="100" access="field.camelcase" inverse="true">
      <key>
        <column name="InvoiceShipmentId"/>
      </key>
      <one-to-many class="AgriMore.Logistics.Domain.InvoiceProduct, AgriMore.Logistics.Domain"/>
    </bag>

    <many-to-one name="Invoice" class="AgriMore.Logistics.Domain.Invoice, AgriMore.Logistics.Domain">
      <column name="InvoiceId" />
    </many-to-one>
  </class>
</hibernate-mapping>