﻿<?xml version="1.0" encoding="utf-8" ?>
<hibernate-mapping xmlns="urn:nhibernate-mapping-2.0">
  <class name="AgriMore.Logistics.Domain.InvoiceTreatment, AgriMore.Logistics.Domain" table="invoice_treatment" lazy="true">
    <!-- region Id (Customizable code) -->
    <id name="Uid" column="Uid" type="Int64" unsaved-value="0">
      <generator class="identity"/>
    </id>
    <!-- endregion Id (Customizable code) -->

    <!--property name="ProductId" type="Int64" not-null="true" /-->
    <property name="TreatmentTypeId" type="Int64" />
    <property name="FromDateTime" type="DateTime" not-null="true" />
    <property name="ToDateTime" type="DateTime" not-null="true" />    
    <property name="Location" type="String" />
    <property name="CostUnit" type="String" />
    <property name="CostCurrency" type="String" />    
    <property name="VAT" type="Decimal" not-null="true" />
    <property name="Cost" type="Decimal" not-null="true" />
    <property name="Value" type="Double" not-null="true" />
    <property name="VAT_Gs1Code" type="String" />
    <property name="VAT_LedgerCode" type="String" />
    <property name="VAT_OtherCode" type="String" />
    <property name="VAT_Type" type="Int32" not-null="true" />
    <property name="TreatmentChainUid" type="Int64" not-null="true" />
    <property name="TotalPrice" type="Decimal" not-null="true" />
    <property name="TotalPriceIncludeVAT" type="Decimal" not-null="true" />

    <bag name="Languages" cascade="all-delete-orphan" lazy="false" batch-size="100" access="field.camelcase" inverse="true">
      <key>
        <column name="InvoiceTreatmentId"/>
      </key>
      <one-to-many class="AgriMore.Logistics.Domain.InvoiceTreatmentLanguage, AgriMore.Logistics.Domain"/>
    </bag>
<!--
    <many-to-one name="Shipment" class="AgriMore.Logistics.Domain.InvoiceShipment, AgriMore.Logistics.Domain">
      <column name="InvoiceShipmentId" />
    </many-to-one-->
    
    <many-to-one name="InvoiceProduct" class="AgriMore.Logistics.Domain.InvoiceProduct, AgriMore.Logistics.Domain">
      <column name="InvoiceProductId" />
    </many-to-one>

    <many-to-one name="ProductSupply" class="AgriMore.Logistics.Domain.ProductSupplyForecast, AgriMore.Logistics.Domain">
      <column name="ProductId" />
    </many-to-one>


    <many-to-one name="Invoice" class="AgriMore.Logistics.Domain.Invoice, AgriMore.Logistics.Domain">
      <column name="InvoiceId" />
    </many-to-one>
  </class>
</hibernate-mapping>