﻿<?xml version="1.0" encoding="utf-8" ?>
<hibernate-mapping xmlns="urn:nhibernate-mapping-2.0">
  <class name="AgriMore.Logistics.Domain.InvoiceProductLanguage, AgriMore.Logistics.Domain" table="invoice_product_lang" lazy="false">
    <!-- region Id (Customizable code) -->
    <id name="Uid" column="Uid" type="Int64" unsaved-value="0">
      <generator class="identity"/>
    </id>
    <!-- endregion Id (Customizable code) -->

    <property name="SpeciesName" type="String" not-null="true" />
    <property name="ProdTypeName" type="String" not-null="true" />
    <property name="ColorName" type="String" not-null="true" />
    <property name="CategoryTypeName" type="String" not-null="true" />
    <property name="CategoryName" type="String" not-null="true" />
    <property name="AdditionalAttributes" type="String" />
    <property name="UomName" type="String" not-null="true" />
    <property name="OrgName" type="String" not-null="true" />
    <property name="VAT" type="String" not-null="true" />

    <!-- region LangCode (Customizable code) -->
    <property name="LangCode" type="String" not-null="true" />
    <!-- endregion LangCode, Required (Customizable code) -->

    <many-to-one name="InvoiceProduct" class="AgriMore.Logistics.Domain.InvoiceProduct, AgriMore.Logistics.Domain">
      <column name="InvoiceProductId" />
    </many-to-one>
  </class>
</hibernate-mapping>