﻿<?xml version="1.0" encoding="utf-8" ?>
<hibernate-mapping xmlns="urn:nhibernate-mapping-2.0">
  <!-- region InvoicingCharge (Customizable code) -->
  <class name="AgriMore.Logistics.Domain.InvoicingCharge, AgriMore.Logistics.Domain" table="InvoicingCharges" lazy="false">
    <cache usage="read-write"/>
    <!-- endregion InvoicingCharge (Customizable code) -->

    <!-- region Id (Customizable code) -->
    <id name="Uid" column="Uid" type="Int64" unsaved-value="0" access="field.camelcase">
      <generator class="identity"/>
    </id>
    <!-- endregion Id (Customizable code) -->

    <!-- region DebitVat (Customizable code) -->
    <property name="DebitVat" type="Int32" not-null="false" access="field.camelcase"/>
    <!-- endregion DebitVat (Customizable code) -->

    <!-- region DebitVatText (Customizable code) -->
    <property name="DebitVatText" type="string" not-null="false" access="field.camelcase"/>
    <!-- endregion DebitVatText (Customizable code) -->

    <!-- region CreditVat (Customizable code) -->
    <property name="CreditVat" type="Int32" not-null="false" access="field.camelcase"/>
    <!-- endregion CreditVat (Customizable code) -->

    <!-- region CreditVatText (Customizable code) -->
    <property name="CreditVatText" type="string" not-null="false" access="field.camelcase"/>
    <!-- endregion CreditVatText (Customizable code) -->

    <!-- region InvChargeId (Customizable code) -->
    <property name="InvChargeId" type="Int64" access="field.camelcase"/>
    <!-- endregion InvChargeId, Required (Customizable code) -->

    <!-- region Amount (Customizable code) -->
    <property name="Amount" type="Int64" access="field.camelcase"/>
    <!-- endregion Amount, Required (Customizable code) -->

  </class>
</hibernate-mapping>