﻿<?xml version="1.0" encoding="utf-8" ?>
<hibernate-mapping xmlns="urn:nhibernate-mapping-2.0">
  <class name="AgriMore.Logistics.Domain.InvoiceCompositeProduct, AgriMore.Logistics.Domain" table="invoice_composite_product" lazy="true">
    <!-- region Id (Customizable code) -->
    <id name="Uid" column="Uid" type="Int64" unsaved-value="0">
      <generator class="identity"/>
    </id>
    <!-- endregion Id (Customizable code) -->

    <property name="ProductId" type="Int64" not-null="true" />
    <property name="ShipmentItemId" type="Int64" not-null="true" />
    <property name="OrgId" type="String" />
    <property name="DispatchDate" type="DateTime" not-null="true" />
    <property name="Price" type="Decimal" />
    <property name="Amount" type="Decimal" />
    <property name="Currency" type="String" />
    <property name="UomId" type="Int64" />
    <property name="BuyerOrgId" type="String" not-null="true" />
    <property name="SellerOrgId" type="String" not-null="true" />

    <bag name="Packages" cascade="all-delete-orphan" lazy="true" batch-size="100" access="field.camelcase" inverse="true">
      <key>
        <column name="InvoiceCmpProductId"/>
      </key>
      <one-to-many class="AgriMore.Logistics.Domain.InvoicePackage, AgriMore.Logistics.Domain"/>
    </bag>

    <many-to-one name="Invoice" class="AgriMore.Logistics.Domain.Invoice, AgriMore.Logistics.Domain">
      <column name="InvoiceId" />
    </many-to-one>
  </class>
</hibernate-mapping>