﻿<?xml version="1.0" encoding="utf-8" ?>
<hibernate-mapping xmlns="urn:nhibernate-mapping-2.0">
  <class name="AgriMore.Logistics.Domain.Invoice, AgriMore.Logistics.Domain" table="invoice" lazy="false">

    <!-- region Id (Customizable code) -->
    <id name="Uid" column="Uid" type="Int64" unsaved-value="0">
      <generator class="identity"/>
    </id>
    <!-- endregion Id (Customizable code) -->

    <property name="InvoiceNr" type="String" not-null="true" />
    <property name="InvoiceType" type="Int32" not-null="true" />
    <property name="InvoiceFrom" type="DateTime" not-null="true" />
    <property name="InvoiceTo" type="DateTime" not-null="true" />
    <property name="PaymentPeriodFrom" type="DateTime" not-null="true" />
    <property name="PaymentPeriodTo" type="DateTime" not-null="true" />
    <property name="TotalVAT" type="Decimal" not-null="true" />
    <property name="TotalPrice" type="Decimal" not-null="true" />
    <property name="TotalProductVAT" type="Decimal" not-null="true" />
    <property name="TotalProductPrice" type="Decimal" not-null="true" />
    <property name="TotalPackageVAT" type="Decimal" not-null="true" />
    <property name="TotalPackagePrice" type="Decimal" not-null="true" />
    <property name="TotalChargeVAT" type="Decimal" not-null="true" />
    <property name="TotalChargePrice" type="Decimal" not-null="true" />
    <property name="TotalDecompositionVAT" type="Decimal" not-null="true" />
    <property name="TotalDecompositionPrice" type="Decimal" not-null="true" />
    <property name="Currency" type="String" not-null="true" />
    <property name="InvoiceStatus" type="Int32" not-null="true" />
    <property name="BuyerOrgId" type="String" />
    <property name="BuyerVATNr" type="String" />
    <property name="BuyerBankAccountNr" type="String" />
    <property name="BuyerChamberOfCommerceNr" type="String" />
    <property name="BuyerLanguage" type="String" />
    <property name="SellerOrgId" type="String" />
    <property name="SellerVATNr" type="String" />
    <property name="SellerBankAccountNr" type="String" />
    <property name="SellerChamberOfCommerceNr" type="String" />
    <property name="SellerLanguage" type="String" />
    <property name="PackSlipNumber" type="String" />
    <property name="Remarks" type="String" />
    <property name="BuyerRef1" type="String" />
    <property name="BuyerRef2" type="String" />
    <property name="SellerRef1" type="String" />
    <property name="SellerRef2" type="String" />
    <property name="ProducerRef1" type="String" />
    <property name="ProducerRef2" type="String" />
    <property name="ParentUid" type="Int64" />
    <property name="Latest" type="Boolean" not-null="true" />
    <property name="Created" type="DateTime" not-null="true" />
    <property name="CreatedBy" type="String" not-null="true" />
    <property name="Modified" type="DateTime" not-null="true" />
    <property name="ModifiedBy" type="String" not-null="true" />

    <property name="TotalTreatmentVAT" type="Decimal" not-null="true" />
    <property name="TotalTreatmentPrice" type="Decimal" not-null="true" />
    <!--property name="TotalTreatmentIncludeVAT" type="Decimal" not-null="true" /-->
    

    <bag name="Products" cascade="all-delete-orphan" lazy="true" batch-size="100" access="field.camelcase" inverse="true">
      <key>
        <column name="InvoiceId"/>
      </key>
      <one-to-many class="AgriMore.Logistics.Domain.InvoiceProduct, AgriMore.Logistics.Domain"/>
    </bag>

    <bag name="InvoiceTreatments" cascade="all-delete-orphan" lazy="true" batch-size="100" access="field.camelcase" inverse="true">
      <key>
        <column name="InvoiceId"/>
      </key>
      <one-to-many class="AgriMore.Logistics.Domain.InvoiceTreatment, AgriMore.Logistics.Domain"/>
    </bag>

    <bag name="CompositeProducts" cascade="all-delete-orphan" lazy="true" batch-size="100" access="field.camelcase" inverse="true">
      <key>
        <column name="InvoiceId"/>
      </key>
      <one-to-many class="AgriMore.Logistics.Domain.InvoiceCompositeProduct, AgriMore.Logistics.Domain"/>
    </bag>

    <bag name="Decompositions" cascade="all-delete-orphan" lazy="true" batch-size="100" access="field.camelcase" inverse="true">
      <key>
        <column name="InvoiceId"/>
      </key>
      <one-to-many class="AgriMore.Logistics.Domain.InvoiceDecomposition, AgriMore.Logistics.Domain"/>
    </bag>
    
    <bag name="Charges" cascade="all-delete-orphan" lazy="true" batch-size="100" access="field.camelcase" inverse="true">
      <key>
        <column name="InvoiceId"/>
      </key>
      <one-to-many class="AgriMore.Logistics.Domain.InvoiceCharge1, AgriMore.Logistics.Domain"/>
    </bag>

    <bag name="Shipments" cascade="all-delete-orphan" lazy="true" batch-size="100" access="field.camelcase" inverse="true">
      <key>
        <column name="InvoiceId"/>
      </key>
      <one-to-many class="AgriMore.Logistics.Domain.InvoiceShipment, AgriMore.Logistics.Domain"/>
    </bag>

    <bag name="Languages" cascade="all-delete-orphan" lazy="false" batch-size="100" access="field.camelcase" inverse="true">
      <key>
        <column name="InvoiceId"/>
      </key>
      <one-to-many class="AgriMore.Logistics.Domain.InvoiceLanguage, AgriMore.Logistics.Domain"/>
    </bag>
    
  </class>
</hibernate-mapping>