﻿<?xml version="1.0" encoding="utf-8" ?>
<hibernate-mapping xmlns="urn:nhibernate-mapping-2.0">
  <class name="AgriMore.Logistics.Domain.InvoiceCharge1, AgriMore.Logistics.Domain" table="invoice_charge" lazy="true">
    <!-- region Id (Customizable code) -->
    <id name="Uid" column="Uid" type="Int64" unsaved-value="0">
      <generator class="identity"/>
    </id>
    <!-- endregion Id (Customizable code) -->

    <property name="InvoiceChargeId" type="Int64" />
    <property name="Price" type="Decimal" not-null="true" />
    <property name="PriceType" type="Int32" not-null="true" />
    <property name="Currency" type="String" not-null="true" />
    <property name="Amount" type="Int32" not-null="true" />
    <property name="TotalPrice" type="Decimal" not-null="true" />
    <property name="CategoryId" type="Int64" />
    <property name="VAT" type="Decimal" not-null="true" />
    <property name="VAT_Gs1Code" type="String" />
    <property name="VAT_LedgerCode" type="String" />
    <property name="VAT_OtherCode" type="String" />
    <property name="VAT_Type" type="Int32" not-null="true" />

    <bag name="Languages" cascade="all-delete-orphan" lazy="false" batch-size="100" access="field.camelcase" inverse="true">
      <key>
        <column name="InvoiceChargeId"/>
      </key>
      <one-to-many class="AgriMore.Logistics.Domain.InvoiceChargeLanguage, AgriMore.Logistics.Domain"/>
    </bag>

    <many-to-one name="Invoice" class="AgriMore.Logistics.Domain.Invoice, AgriMore.Logistics.Domain">
      <column name="InvoiceId" />
    </many-to-one>
  </class>
</hibernate-mapping>