﻿<?xml version="1.0" encoding="utf-8" ?>
<hibernate-mapping xmlns="urn:nhibernate-mapping-2.0">
  <class name="AgriMore.Logistics.Domain.InvoiceDecomposition, AgriMore.Logistics.Domain" table="invoice_decomposition" lazy="true">
    <id name="Uid" column="Uid" type="Int64" unsaved-value="0">
      <generator class="identity"/>
    </id>

    <property name="FromDateTime" type="DateTime" not-null="false" />
    <property name="ToDateTime" type="DateTime" not-null="false" />
    <property name="Location" type="String" />
    <property name="Price" type="Decimal" />
    <property name="Amount" type="Int32" />
    <property name="PriceType" type="Int32" />
    <property name="VAT" type="Decimal" not-null="true" />
    <property name="VAT_Gs1Code" type="String" />
    <property name="VAT_LedgerCode" type="String" />
    <property name="VAT_OtherCode" type="String" />
    <property name="VAT_Type" type="Int32" not-null="true" />
    <property name="Currency" type="String" />

    <bag name="Languages" cascade="all-delete-orphan" lazy="false" batch-size="100" access="field.camelcase" inverse="true">
      <key>
        <column name="InvoiceDecomposeId"/>
      </key>
      <one-to-many class="AgriMore.Logistics.Domain.InvoiceDecompositionLanguage, AgriMore.Logistics.Domain"/>
    </bag>

    <many-to-one name="ProductSupply" class="AgriMore.Logistics.Domain.ProductSupplyForecast, AgriMore.Logistics.Domain">
      <column name="ProductId" />
    </many-to-one>

    <many-to-one name="DecomposeType" class="AgriMore.Logistics.Domain.DecompositionType, AgriMore.Logistics.Domain">
      <column name="DecompositeTypeId" />
    </many-to-one>

    <many-to-one name="Invoice" class="AgriMore.Logistics.Domain.Invoice, AgriMore.Logistics.Domain">
      <column name="InvoiceId" />
    </many-to-one>
  </class>
</hibernate-mapping>