﻿<?xml version="1.0" encoding="utf-8" ?>
<hibernate-mapping xmlns="urn:nhibernate-mapping-2.0">
  <class name="AgriMore.Logistics.Domain.InvoicePackageLanguage, AgriMore.Logistics.Domain" table="invoice_package_lang" lazy="false">
    <!-- region Id (Customizable code) -->
    <id name="Uid" column="Uid" type="Int64" unsaved-value="0">
      <generator class="identity"/>
    </id>
    <!-- endregion Id (Customizable code) -->

    <property name="Name" type="String" not-null="true" />
    <property name="VAT" type="String" not-null="true" />

    <!-- region LangCode (Customizable code) -->
    <property name="LangCode" type="String" not-null="true" />
    <!-- endregion LangCode, Required (Customizable code) -->

    <many-to-one name="InvoicePackage" class="AgriMore.Logistics.Domain.InvoicePackage, AgriMore.Logistics.Domain">
      <column name="InvoicePackageId" />
    </many-to-one>
  </class>
</hibernate-mapping>