﻿<?xml version="1.0" encoding="utf-8" ?>
<hibernate-mapping xmlns="urn:nhibernate-mapping-2.0">
  <!-- region ChargeCorrection (Customizable code) -->
  <class name="AgriMore.Logistics.Domain.InvoicingCorrection, AgriMore.Logistics.Domain" table="`InvoicingCorrection`" lazy="false">
    <cache usage="read-write"/>
    <!-- endregion ChargeCorrection (Customizable code) -->

    <!-- region Id (Customizable code) -->
    <id name="Uid" column="Uid" type="Int64" unsaved-value="0" access="field.camelcase">
      <generator class="identity"/>
    </id>
    <!-- endregion Id (Customizable code) -->

    <!-- region ProductIds (Customizable code) -->
    <property name="ProductIds" type="String" access="field.camelcase"/>
    <!-- endregion ProductIds (Customizable code) -->

    <!-- region ProdTotalVat (Customizable code) -->
    <property name="ProdTotalVat" type="Decimal" access="field.camelcase"/>
    <!-- endregion ProdTotalVat (Customizable code) -->

    <!-- region ProdTotalExVat (Customizable code) -->
    <property name="ProdTotalExVat" type="Decimal" access="field.camelcase"/>
    <!-- endregion ProdTotalExVat (Customizable code) -->

    <!-- region ProdTotalInclVat (Customizable code) -->
    <property name="ProdTotalInclVat" type="Decimal" access="field.camelcase"/>
    <!-- endregion ProdTotalInclVat (Customizable code) -->

    <!-- region PackTotalVat (Customizable code) -->
    <property name="PackTotalVat" type="Decimal" access="field.camelcase"/>
    <!-- endregion PackTotalVat (Customizable code) -->

    <!-- region PackTotalExVat (Customizable code) -->
    <property name="PackTotalExVat" type="Decimal" access="field.camelcase"/>
    <!-- endregion PackTotalExVat (Customizable code) -->

    <!-- region PackTotalInclVat (Customizable code) -->
    <property name="PackTotalInclVat" type="Decimal" access="field.camelcase"/>
    <!-- endregion PackTotalInclVat (Customizable code) -->

    <!-- region ChargeTotalVat (Customizable code) -->
    <property name="ChargeTotalVat" type="Decimal" access="field.camelcase"/>
    <!-- endregion ChargeTotalVat (Customizable code) -->

    <!-- region ChargeTotalExVat (Customizable code) -->
    <property name="ChargeTotalExVat" type="Decimal" access="field.camelcase"/>
    <!-- endregion ChargeTotalExVat (Customizable code) -->

    <!-- region ChargeTotalInclVat (Customizable code) -->
    <property name="ChargeTotalInclVat" type="Decimal" access="field.camelcase"/>
    <!-- endregion ChargeTotalInclVat (Customizable code) -->

    <!-- region Currency (Customizable code) -->
    <property name="Currency" type="String" access="field.camelcase"/>
    <!-- endregion Currency (Customizable code) -->

    <!-- region Remarks (Customizable code) -->
    <property name="Remarks" type="String" access="field.camelcase"/>
    <!-- endregion Remarks (Customizable code) -->

    <!-- region ForInvoice (Customizable code) -->
    <many-to-one name="ForInvoice" class="AgriMore.Logistics.Domain.Invoicing, AgriMore.Logistics.Domain" access="field.camelcase">
      <column name="ForInvId"  not-null="true" />
    </many-to-one>
    <!-- endregion ForInvoice (Customizable code) -->
  </class>
</hibernate-mapping>