﻿<?xml version="1.0" encoding="utf-8" ?>
<hibernate-mapping xmlns="urn:nhibernate-mapping-2.0">
  <class name="AgriMore.Logistics.Domain.InvoiceTreatmentLanguage, AgriMore.Logistics.Domain" table="invoice_treatment_lang" lazy="false">
    <!-- region Id (Customizable code) -->
    <id name="Uid" column="Uid" type="Int64" unsaved-value="0">
      <generator class="identity"/>
    </id>
    <!-- endregion Id (Customizable code) -->    
    <property name="VAT" type="String" not-null="true" />
    <!-- region LangCode (Customizable code) -->
    <property name="LangCode" type="String" not-null="true" />
    <!-- endregion LangCode, Required (Customizable code) -->

    <many-to-one name="InvoiceTreatment" class="AgriMore.Logistics.Domain.InvoiceTreatment, AgriMore.Logistics.Domain">
      <column name="InvoiceTreatmentId" />
    </many-to-one>
  </class>
</hibernate-mapping>