﻿<?xml version="1.0" encoding="utf-8" ?>
<hibernate-mapping xmlns="urn:nhibernate-mapping-2.0">
  <class name="AgriMore.Logistics.Domain.InvoiceNumber, AgriMore.Logistics.Domain" table="invoice_number" lazy="false">

    <!-- region Id (Customizable code) -->
    <id name="Uid" column="Uid" type="Int64" unsaved-value="0">
      <generator class="identity"/>
    </id>
    <!-- endregion Id (Customizable code) -->

    <property name="OrgId" type="String" not-null="true" />
    <property name="InvoiceType" type="Int32" not-null="true" />
    <property name="InvoiceNr" type="String" not-null="true" />
    <property name="Created" type="DateTime" not-null="true" />
  </class>
</hibernate-mapping>