﻿<?xml version="1.0" encoding="utf-8" ?>
<hibernate-mapping xmlns="urn:nhibernate-mapping-2.0">
  <class name="AgriMore.Logistics.Domain.InvoiceDecompositionLanguage, AgriMore.Logistics.Domain" table="invoice_decomposition_lang" lazy="false">
    <id name="Uid" column="Uid" type="Int64" unsaved-value="0">
      <generator class="identity"/>
    </id>

    <property name="VAT" type="String" not-null="true" />
    <property name="LangCode" type="String" not-null="true" />
    
    <many-to-one name="InvoiceDecomposition" class="AgriMore.Logistics.Domain.InvoiceDecomposition, AgriMore.Logistics.Domain">
      <column name="InvoiceDecomposeId" />
    </many-to-one>
  </class>
</hibernate-mapping>