﻿<?xml version="1.0" encoding="utf-8" ?>
<hibernate-mapping xmlns="urn:nhibernate-mapping-2.0">
  <class name="AgriMore.Logistics.Domain.InvoicePackage, AgriMore.Logistics.Domain" table="invoice_package" lazy="true">
    <!-- region Id (Customizable code) -->
    <id name="Uid" column="Uid" type="Int64" unsaved-value="0">
      <generator class="identity"/>
    </id>
    <!-- endregion Id (Customizable code) -->

    <property name="ProductId" type="Int64" />
    <property name="CmpProductId" type="Int64" />
    <property name="PackingConfirmedId" type="Int64" />
    <property name="PackagingDefineId" type="Int64" not-null="true" />
    <property name="Price" type="Decimal" not-null="true" />
    <property name="PriceType" type="Int32" not-null="true" />
    <property name="Amount" type="Int64" not-null="true" />
    <property name="Currency" type="String" not-null="true" />
    <property name="VAT" type="Decimal" not-null="true" />
    <property name="VAT_Gs1Code" type="String" />
    <property name="VAT_LedgerCode" type="String" />
    <property name="VAT_OtherCode" type="String" />
    <property name="VAT_Type" type="Int32" not-null="true" />

    <many-to-one name="InvoiceProduct" class="AgriMore.Logistics.Domain.InvoiceProduct, AgriMore.Logistics.Domain">
      <column name="InvoiceProductId" />
    </many-to-one>

    <many-to-one name="InvoiceCompositeProduct" class="AgriMore.Logistics.Domain.InvoiceCompositeProduct, AgriMore.Logistics.Domain">
      <column name="InvoiceCmpProductId" />
    </many-to-one>

    <bag name="Languages" cascade="all-delete-orphan" lazy="false" batch-size="100" access="field.camelcase" inverse="true">
      <key>
        <column name="InvoicePackageId"/>
      </key>
      <one-to-many class="AgriMore.Logistics.Domain.InvoicePackageLanguage, AgriMore.Logistics.Domain"/>
    </bag>
  </class>
</hibernate-mapping>