﻿<?xml version="1.0" encoding="utf-8" ?>
<hibernate-mapping xmlns="urn:nhibernate-mapping-2.0">
  <!-- region InvoiceChargeLang (Customizable code) -->
  <class name="AgriMore.Logistics.Domain.InvoiceChargeLang, AgriMore.Logistics.Domain" table="InvoiceCharges_Lang" lazy="false">
    <cache usage="read-write"/>
    <!-- endregion InvoiceChargeLang (Customizable code) -->

    <!-- region Id (Customizable code) -->
    <id name="Uid" column="Uid" type="Int64" unsaved-value="0" access="field.camelcase">
      <generator class="identity"/>
    </id>
    <!-- endregion Id (Customizable code) -->

    <!-- region Name (Customizable code) -->
    <property name="Name" type="String" not-null="true" access="field.camelcase"/>
    <!-- endregion Name, Required (Customizable code) -->

    <!-- region LangCode (Customizable code) -->
    <property name="LangCode" type="String" not-null="true" access="field.camelcase"/>
    <!-- endregion LangCode, Required (Customizable code) -->

    <!-- region InvCharge (Customizable code) -->
    <many-to-one name="InvCharge" class="AgriMore.Logistics.Domain.InvoiceCharge, AgriMore.Logistics.Domain" cascade="save-update" access="field.camelcase">
      <column name="InvChargeId" />
    </many-to-one>
    <!-- endregion InvCharge (Customizable code) -->
  </class>
</hibernate-mapping>