﻿<?xml version="1.0" encoding="utf-8" ?>
<hibernate-mapping xmlns="urn:nhibernate-mapping-2.0">
  <class name="AgriMore.Logistics.Domain.InvoiceProduct, AgriMore.Logistics.Domain" table="invoice_product" lazy="true">
    <!-- region Id (Customizable code) -->
    <id name="Uid" column="Uid" type="Int64" unsaved-value="0">
      <generator class="identity"/>
    </id>
    <!-- endregion Id (Customizable code) -->

    <property name="ProductId" type="Int64" not-null="true" />
    <property name="ProductParentId" type="Int64" />
    <property name="SpeciesId" type="Int64" />
    <property name="ProdTypeId" type="Int64" />
    <property name="ColorId" type="Int64" />
    <property name="CategoryTypeId" type="Int64" />
    <property name="CategoryId" type="Int64" />
    <property name="AdditionalAttributeIds" type="String" />
    <property name="OrgId" type="String" />
    <property name="DispatchDate" type="DateTime" not-null="true" />
    <property name="Price" type="Decimal" not-null="true" />
    <property name="Amount" type="Decimal" not-null="true" />
    <property name="Currency" type="String" not-null="true" />
    <property name="UomId" type="Int64" />
    <property name="BuyerOrgId" type="String" not-null="true" />
    <property name="SellerOrgId" type="String" not-null="true" />
    <property name="VAT" type="Decimal" not-null="true" />
    <property name="VAT_Gs1Code" type="String" />
    <property name="VAT_LedgerCode" type="String" />
    <property name="VAT_OtherCode" type="String" />
    <property name="VAT_Type" type="Int32" not-null="true" />
    <property name="Remarks" type="String" not-null="false" />
    <property name="BuyerRef1" type="String" not-null="false" />
    <property name="BuyerRef2" type="String" not-null="false" />
    <property name="SellerRef1" type="String" not-null="false" />
    <property name="SellerRef2" type="String" not-null="false" />
    <property name="ProducerRef1" type="String" not-null="false" />
    <property name="ProducerRef2" type="String" not-null="false" />

    <bag name="Packages" cascade="all-delete-orphan" lazy="true" batch-size="100" access="field.camelcase" inverse="true">
      <key>
        <column name="InvoiceProductId"/>
      </key>
      <one-to-many class="AgriMore.Logistics.Domain.InvoicePackage, AgriMore.Logistics.Domain"/>
    </bag>

    <!--<bag name="Treatments" cascade="all-delete-orphan" lazy="true" batch-size="100" access="field.camelcase" inverse="true">
      <key>
        <column name="InvoiceProductId"/>
      </key>
      <one-to-many class="AgriMore.Logistics.Domain.InvoiceTreatment, AgriMore.Logistics.Domain"/>
    </bag>-->
    
    <bag name="AddOns" cascade="all-delete-orphan" lazy="true" batch-size="100" access="field.camelcase" inverse="true">
      <key>
        <column name="InvoiceProductId"/>
      </key>
      <one-to-many class="AgriMore.Logistics.Domain.InvoiceAddOn, AgriMore.Logistics.Domain"/>
    </bag>

    <bag name="Languages" cascade="all-delete-orphan" lazy="false" batch-size="100" access="field.camelcase" inverse="true">
      <key>
        <column name="InvoiceProductId"/>
      </key>
      <one-to-many class="AgriMore.Logistics.Domain.InvoiceProductLanguage, AgriMore.Logistics.Domain"/>
    </bag>

    <many-to-one name="Shipment" class="AgriMore.Logistics.Domain.InvoiceShipment, AgriMore.Logistics.Domain">
      <column name="InvoiceShipmentId" />
    </many-to-one>

    <many-to-one name="Invoice" class="AgriMore.Logistics.Domain.Invoice, AgriMore.Logistics.Domain">
      <column name="InvoiceId" />
    </many-to-one>
  </class>
</hibernate-mapping>