﻿<?xml version="1.0" encoding="utf-8" ?>
<hibernate-mapping xmlns="urn:nhibernate-mapping-2.0">
  <class name="AgriMore.Logistics.Domain.KeyFigure, AgriMore.Logistics.Domain" table="`keyfigures`" lazy="false">
    <id name="Uid" column="Uid" type="Int64" unsaved-value="0">
      <generator class="identity"/>
    </id>

    <many-to-one name="ForOrg" class="AgriMore.Logistics.Domain.Organization, AgriMore.Logistics.Domain">
      <column name="OrgId"/>
    </many-to-one>

    <many-to-one name="RootProduct" class="AgriMore.Logistics.Domain.Species, AgriMore.Logistics.Domain">
      <column name="RootProdId"/>
    </many-to-one>

    <property name="FromDate" column="FromDate" type="DateTime"/>
    <property name="ToDate" column="ToDate" type="DateTime"/>
    <property name="CreatedOrgId" column="CreatedByOrgId" type="String"/>

    <bag name="DecomposeFigures" cascade="all-delete-orphan" lazy="true" batch-size="100" access="field.camelcase" inverse="true">
      <key>
        <column name="KeyFigureId"/>
      </key>
      <one-to-many class="AgriMore.Logistics.Domain.DecomposeKeyFigure, AgriMore.Logistics.Domain"/>
    </bag>

  </class>
</hibernate-mapping>