﻿<?xml version="1.0" encoding="utf-8" ?>
<hibernate-mapping xmlns="urn:nhibernate-mapping-2.0">
  <!-- region Logging (Customizable code) -->
  <class name="AgriMore.Logistics.Domain.Logging, AgriMore.Logistics.Domain" table="`Logging`" lazy="false">
    <cache usage="read-write"/>
    <!-- endregion Logging (Customizable code) -->

    <!-- region Id (Customizable code) -->
    <id name="Uid" column="Uid" type="Int64" unsaved-value="0" access="field.camelcase">
      <generator class="identity"/>
    </id>
    <!-- endregion Id (Customizable code) -->

    <!-- region Type (Customizable code) -->
    <property name="DateTime" type="DateTime" not-null="false" access="field.camelcase"/>
    <!-- endregion Type, Required (Customizable code) -->

    <!-- region Type (Customizable code) -->
    <property name="Type" type="String" not-null="true" access="field.camelcase"/>
    <!-- endregion Type, Required (Customizable code) -->

    <!-- region Username (Customizable code) -->
    <property name="Username" type="String" not-null="true" access="field.camelcase"/>
    <!-- endregion Username, Required (Customizable code) -->

    <!-- region Action (Customizable code) -->
    <property name="Action" type="String" not-null="true" access="field.camelcase"/>
    <!-- endregion Action, Required (Customizable code) -->
    
    <!-- region Object (Customizable code) -->
    <property name="ObjectAction" type="String" access="field.camelcase"/>
    <!-- endregion Object, Required (Customizable code) -->

    <!-- region ObjectUid (Customizable code) -->
    <property name="ObjectUid" type="Int64" access="field.camelcase"/>
    <!-- endregion ObjectUid (Customizable code) -->

    <!-- region Message (Customizable code) -->
    <property name="Message" type="String" access="field.camelcase"/>
    <!-- endregion Message, Required (Customizable code) -->
    
  </class>
</hibernate-mapping>