﻿<?xml version="1.0" encoding="utf-8" ?>
<hibernate-mapping xmlns="urn:nhibernate-mapping-2.0">
  <!-- region Organization (Customizable code) -->
  <class name="AgriMore.Logistics.Domain.Organization, AgriMore.Logistics.Domain" table="`Organizations`" lazy="false">
    <cache usage="read-write"/>
    <!-- endregion Organization (Customizable code) -->

    <!-- region Organization Id (Customizable code) -->
    <id name="Uid" column="OrgId" type="String" length="15" access="field.camelcase">
      <generator class="assigned"/>
    </id>
    <!-- endregion Organization Id (Customizable code) -->

    <!-- region BusinessType, Required (Customizable code) -->
    <property name="BusinessType" type="String" not-null="true" length="50"  access="field.camelcase"/>
    <!-- endregion BusinessType, Required (Customizable code) -->

    <!-- region Name, Required (Customizable code) -->
    <property name="Name" type="String" not-null="true" length="10"  access="field.camelcase"/>
    <!-- endregion Name, Required (Customizable code) -->

    <!-- region StreetName (Customizable code) -->
    <property name="StreetName" type="String" not-null="false" length="50"  access="field.camelcase"/>
    <!-- endregion StreetName (Customizable code) -->

    <!-- region StreetNo (Customizable code) -->
    <property name="StreetNo" type="String" not-null="false" length="10"  access="field.camelcase"/>
    <!-- endregion StreetNo (Customizable code) -->

    <!-- region StreetNoExt (Customizable code) -->
    <property name="StreetNoExt" type="String" not-null="false" length="10"  access="field.camelcase"/>
    <!-- endregion StreetNoExt (Customizable code) -->

    <!-- region City (Customizable code) -->
    <property name="City" type="String" not-null="false" length="50"  access="field.camelcase"/>
    <!-- endregion City (Customizable code) -->

    <!-- region State (Customizable code) -->
    <property name="State" type="String" not-null="false" length="50"  access="field.camelcase"/>
    <!-- endregion State (Customizable code) -->

    <!-- region Country (Customizable code) -->
    <property name="Country" type="String" not-null="false" length="50"  access="field.camelcase"/>
    <!-- endregion Country (Customizable code) -->

    <!-- region ZipCode (Customizable code) -->
    <property name="ZipCode" type="String" not-null="false" length="15"  access="field.camelcase"/>
    <!-- endregion ZipCode (Customizable code) -->

    <!-- region Phone (Customizable code) -->
    <property name="Phone" type="String" not-null="false" length="25"  access="field.camelcase"/>
    <!-- endregion Phone (Customizable code) -->

    <!-- region Fax (Customizable code) -->
    <property name="Fax" type="String" not-null="false" length="25"  access="field.camelcase"/>
    <!-- endregion Fax (Customizable code) -->

    <!-- region Email (Customizable code) -->
    <property name="Email" type="String" not-null="false" length="50"  access="field.camelcase"/>
    <!-- endregion Email (Customizable code) -->

    <!-- region Website (Customizable code) -->
    <property name="Website" type="String" not-null="false" length="100"  access="field.camelcase"/>
    <!-- endregion Website (Customizable code) -->

    <many-to-one name="ParentOrganization" column="ParentOrgId" access="property" class="AgriMore.Logistics.Domain.Organization, AgriMore.Logistics.Domain" />

    <!-- region ChainEntities (Customizable code) -->
    <set name="ChainEntities" table="OrganizationMapping" cascade="save-update" lazy="true" batch-size="100" access="field.camelcase">
      <key>
        <column name="OrganizationId"/>
      </key>
      <many-to-many class="AgriMore.Logistics.Domain.ChainEntity, AgriMore.Logistics.Domain">
        <column name="ChainEntityId"/>
      </many-to-many>
    </set>
    <!-- endregion ChainEntities (Customizable code) -->

    <!-- region OrgMappings (Customizable code) -->
    <set name="OrgMappings" table="OrganizationMapping" lazy="true" batch-size="100" access="field.camelcase">
      <key>
        <column name="OrganizationId"/>
      </key>
      <composite-element class="AgriMore.Logistics.Domain.OrganizationMapping, AgriMore.Logistics.Domain">
        <many-to-one name="ChainEntity" column="ChainEntityId" class="AgriMore.Logistics.Domain.ChainEntity, AgriMore.Logistics.Domain" not-null="false"/>
        <property name="GreenTekId" type="Int64" column="GreenTekId" not-null="false"/>
      </composite-element>
    </set>
    <!-- endregion OrgMappings (Customizable code) -->

    <!-- A List of organizations that belong to their GoO (Customizable code) -->
    <set name="InGroupOfOrganizations" table="GroupOfOrganization" lazy="true" batch-size="100" access="field.camelcase">
      <key>
        <column name="OrgId"/>
      </key>
      <composite-element class="AgriMore.Logistics.Domain.GroupOrganizations, AgriMore.Logistics.Domain">
        <many-to-one name="Organization" column="GroupOfOrgId" class="AgriMore.Logistics.Domain.Organization, AgriMore.Logistics.Domain" not-null="true"/>
        <property name="Activated" type="Int64" column="Activate" not-null="false"/>
      </composite-element>
    </set>
    <!-- A List all organization that belong to their GoO (Customizable code) -->

    <!-- A List of organizations in their GoO (Customizable code) -->
    <set name="GroupOrganizations" table="GroupOfOrganization" lazy="true" batch-size="100" access="field.camelcase">
      <key>
        <column name="GroupOfOrgId"/>
      </key>
      <composite-element class="AgriMore.Logistics.Domain.GroupOrganizations, AgriMore.Logistics.Domain">
        <many-to-one name="Organization" column="OrgId" class="AgriMore.Logistics.Domain.Organization, AgriMore.Logistics.Domain" not-null="true"/>
        <property name="Activated" type="Int64" column="Activate" not-null="false"/>
      </composite-element>
    </set>
    <!-- A List all organization in their GoO (Customizable code) -->

    <!-- A List of organizations in their GoO (Customizable code) -->
    <set name="PackagingDefineOrganization" table="PackagingDefineOrganization" lazy="true" batch-size="100" access="field.camelcase">
      <key>
        <column name="OrgId"/>
      </key>      
      <composite-element class="AgriMore.Logistics.Domain.PackagingDefineOrganization, AgriMore.Logistics.Domain">
        <many-to-one name="PackagingDefine" column="PackagingDefineId" class="AgriMore.Logistics.Domain.PackagingDefine, AgriMore.Logistics.Domain" not-null="false"/>
        <property name="IsSelected" type="Int64" column="IsSelected" not-null="false"/>
      </composite-element>
    </set>
    <!-- A List all organization in their GoO (Customizable code) -->
        
    <!-- A List of organizations in their GoO (Customizable code) -->
  <set name="AddOnDefineOrganization" table="addonsorganization" lazy="true" batch-size="100" access="field.camelcase">
    <key>
      <column name="OrgId"/>
    </key>
    <composite-element class="AgriMore.Logistics.Domain.AddOnDefineOrganization, AgriMore.Logistics.Domain">
      <many-to-one name="AddOnsDefine" column="AddOnsId" class="AgriMore.Logistics.Domain.AddOnsDefine, AgriMore.Logistics.Domain" not-null="false"/>
      <property name="IsSelected" type="Int64" column="IsSelected" not-null="false"/>
    </composite-element>
  </set>
  <!-- A List all organization in their GoO (Customizable code) -->
    
    <!-- A List of producer organizations (Customizable code) -->
    <set name="TradingForOrganizations" table="PreferredRelationship" lazy="true" batch-size="100" access="field.camelcase">
      <key>
        <column name="TradingOrgId"/>
      </key>
      <many-to-many class="AgriMore.Logistics.Domain.Organization, AgriMore.Logistics.Domain">
        <column name="OrgId"/>
      </many-to-many>
    </set>
    <!-- A List of producer organizations (Customizable code) -->

    <!-- A List of producer organizations (Customizable code) -->
    <set name="TradingOrganizations" table="PreferredRelationship" lazy="true" batch-size="100" access="field.camelcase">
      <key>
        <column name="OrgId"/>
      </key>
      <many-to-many class="AgriMore.Logistics.Domain.Organization, AgriMore.Logistics.Domain">
        <column name="TradingOrgId"/>
      </many-to-many>
    </set>
    <!-- A List of producer organizations (Customizable code) -->
  </class>
</hibernate-mapping>