<?xml version="1.0" encoding="utf-8" ?>
<hibernate-mapping xmlns="urn:nhibernate-mapping-2.0">
  <!-- region PackageTypeCategory (Customizable code) -->
  <class name="AgriMore.Logistics.Domain.PackageTypeSubCategory, AgriMore.Logistics.Domain" table="`PackageTypeSubCategory`" lazy="false">
    <cache usage="read-write"/>
    <!-- endregion PackageTypeCategory (Customizable code) -->

    <!-- region Id (Customizable code) -->
    <id name="Uid" column="Uid" type="Int64" unsaved-value="0" access="field.camelcase">
      <generator class="identity"/>
    </id>
    <!-- endregion Id (Customizable code) -->

    <!-- region Name, Required (Customizable code) -->
    <property name="Name" type="String" not-null="true" access="field.camelcase"/>
    <!-- endregion Name, Required (Customizable code) -->

    <!-- region LedgerCode (Customizable code) -->
    <property name="LedgerCode" type="String" not-null="false" access="field.camelcase"/>
    <!-- endregion LedgerCode (Customizable code) -->

    <!-- region GS1Code (Customizable code) -->
    <property name="GS1Code" type="String" not-null="false" access="field.camelcase"/>
    <!-- endregion GS1Code (Customizable code) -->

    <!-- region OtherCode (Customizable code) -->
    <property name="OtherCode" type="String" not-null="false" access="field.camelcase"/>
    <!-- endregion OtherCode (Customizable code) -->


	  <!-- region Active (Customizable code) -->
	  <property name="Active" type="Boolean" not-null="false" access="field.camelcase"/>
	  <!-- endregion Active (Customizable code) -->

    <!-- region PackageTypeCategoryId (PackageTypeCategoryId code) -->
    <property name="PackageTypeCategoryId" type="Int64" not-null="false" access="field.camelcase"/>
    <!-- endregion PackageTypeCategoryId (Customizable code) -->

    <!-- region PackTypeCatLangs, Composite (Customizable code) -->
    <set name="PackTypeCatLangs" cascade="all-delete-orphan" lazy="true" batch-size="100" access="field.camelcase">
      <cache usage="read-write"/>
      <key>
        <column name="PackCatId" />
      </key>
      <one-to-many class="AgriMore.Logistics.Domain.PackageTypeSubCategoryLang, AgriMore.Logistics.Domain"/>
    </set>
    <!-- endregion PackTypeCatLangs, Composite (Customizable code) -->
  </class>
</hibernate-mapping>