﻿<?xml version="1.0" encoding="utf-8" ?>
<hibernate-mapping xmlns="urn:nhibernate-mapping-2.0">
  <!-- region ArticleCode (Customizable code) -->
  <class name="AgriMore.Logistics.Domain.Packaging, AgriMore.Logistics.Domain" table="`HhPackaging`" lazy="false">
    <!-- endregion ArticleCode (Customizable code) -->

    <!-- region Id (Customizable code) -->
    <id name="Uid" column="Uid" type="Int64" unsaved-value="0" access="field.camelcase">
      <generator class="identity"/>
    </id>
    <!-- endregion Id (Customizable code) -->

    <!-- region PackagingCode (Customizable code) -->
    <property name="PackagingCode" type="Int32" not-null="false" access="field.camelcase"/>
    <!-- endregion PackagingCode (Customizable code) -->

    <!-- region PackagingDesc (Customizable code) -->
    <property name="PackagingDesc" type="string" not-null="true" access="field.camelcase"/>
    <!-- endregion PackagingDesc (Customizable code) -->

    <!-- region ProductId (Customizable code) -->
    <property name="ProductId" type="Int32" not-null="true" access="field.camelcase"/>
    <!-- endregion ProductId (Customizable code) -->

    <!-- region ColorId (Customizable code) -->
    <property name="ColorId" type="Int32" not-null="false" access="field.camelcase"/>
    <!-- endregion ColorId (Customizable code) -->

    <!-- region CatTypeId (Customizable code) -->
    <property name="CatTypeId" type="Int32" not-null="true" access="field.camelcase"/>
    <!-- endregion CatTypeId (Customizable code) -->

    <!-- region CategoryId (Customizable code) -->
    <property name="CategoryId" type="Int32" not-null="true" access="field.camelcase"/>
    <!-- endregion CategoryId (Customizable code) -->

    <!-- region CategoryId (Customizable code) -->
    <property name="TradingId" type="string" not-null="true" access="field.camelcase"/>
    <!-- endregion CategoryId (Customizable code) -->

    <!-- region IsOther (Customizable code) -->
    <property name="IsOther" type="Boolean" access="field.camelcase"/>
    <!-- endregion IsOther (Customizable code) -->
  </class>
</hibernate-mapping>