﻿<?xml version="1.0" encoding="utf-8" ?>
<hibernate-mapping xmlns="urn:nhibernate-mapping-2.0">
  <!-- region PackageTypeCategoryLang (Customizable code) -->
  <class name="AgriMore.Logistics.Domain.PackageTypeCategoryLang, AgriMore.Logistics.Domain" table="PackageTypeCategory_Lang" lazy="false">
    <cache usage="read-write"/>
    <!-- endregion PackageTypeCategoryLang (Customizable code) -->

    <!-- region Id (Customizable code) -->
    <id name="Uid" column="Uid" type="Int64" unsaved-value="0" access="field.camelcase">
      <generator class="identity"/>
    </id>
    <!-- endregion Id (Customizable code) -->

    <!-- region Name (Customizable code) -->
    <property name="Name" type="String" not-null="true" access="field.camelcase"/>
    <!-- endregion Name, Required (Customizable code) -->

    <!-- region LangCode (Customizable code) -->
    <property name="LangCode" type="String" not-null="true" access="field.camelcase"/>
    <!-- endregion LangCode, Required (Customizable code) -->

    <!-- region PackTypeCategory (Customizable code) -->
    <many-to-one name="PackTypeCategory" class="AgriMore.Logistics.Domain.PackageTypeCategory, AgriMore.Logistics.Domain" cascade="save-update" access="field.camelcase">
      <column name="PackCatId" />
    </many-to-one>
    <!-- endregion PackTypeCategory (Customizable code) -->
  </class>
</hibernate-mapping>