﻿<?xml version="1.0" encoding="utf-8" ?>
<hibernate-mapping xmlns="urn:nhibernate-mapping-2.0">
  <!-- region BiddingDefine (Customizable code) -->
  <class name="AgriMore.Logistics.Domain.PackagingAddOns, AgriMore.Logistics.Domain" table="PackagingAddOns" lazy="false">
    <cache usage="read-write"/>
    <!-- endregion BiddingDefine (Customizable code) -->

    <!-- region Id (Customizable code) -->
    <id name="Uid" column="Uid" type="Int64" unsaved-value="0" access="field.camelcase">
      <generator class="identity"/>
    </id>
    <!-- endregion Id (Customizable code) -->

    <!-- region Price (Customizable code) -->
    <property name="Price" type="Decimal" not-null="true" access="field.camelcase"/>
    <!-- endregion Price, Required (Customizable code) -->

    <!-- region Currency (Customizable code) -->
    <property name="Currency" type="string" not-null="true" access="field.camelcase"/>
    <!-- endregion Currency, Required (Customizable code) -->

    <!-- region AddOns (Customizable code) -->
    <many-to-one name="AddOns" class="AgriMore.Logistics.Domain.AddOnsDefine, AgriMore.Logistics.Domain" cascade="save-update" access="field.camelcase">
      <column name="AddOnsId" />
    </many-to-one>
    <!-- endregion AddOns (Customizable code) -->

    <!-- region Packaging (Customizable code) -->
    <many-to-one name="Packaging" class="AgriMore.Logistics.Domain.PackagingDefine, AgriMore.Logistics.Domain" cascade="save-update" access="field.camelcase">
      <column name="PackagingId" />
    </many-to-one>
    <!-- endregion Packaging (Customizable code) -->
  </class>
</hibernate-mapping>