﻿<?xml version="1.0" encoding="utf-8" ?>
<hibernate-mapping xmlns="urn:nhibernate-mapping-2.0">
  <!-- region PackageCorrection (Customizable code) -->
  <class name="AgriMore.Logistics.Domain.PackageCorrection, AgriMore.Logistics.Domain" table="`PackageCorrection`" lazy="false">
    <cache usage="read-write"/>
    <!-- endregion PackageCorrection (Customizable code) -->

    <!-- region Id (Customizable code) -->
    <id name="Uid" column="Uid" type="Int64" unsaved-value="0" access="field.camelcase">
      <generator class="identity"/>
    </id>
    <!-- endregion Id (Customizable code) -->

    <!-- region NumberOfPackage (Customizable code) -->
    <property name="NumberOfPackage" type="Int32" access="field.camelcase"/>
    <!-- endregion NumberOfPackage (Customizable code) -->
    
    <!-- region Price (Customizable code) -->
    <property name="Price" type="Decimal" access="field.camelcase"/>
    <!-- endregion Price (Customizable code) -->

    <!-- region PriceType (Customizable code) -->
    <property name="PriceType" type="Int16" access="field.camelcase"/>
    <!-- endregion PriceType (Customizable code) -->

    <!-- region Vat (Customizable code) -->
    <property name="Vat" type="Int32" access="field.camelcase"/>
    <!-- endregion Vat (Customizable code) -->

    <!-- region VatText (Customizable code) -->
    <property name="VatText" type="String" access="field.camelcase"/>
    <!-- endregion VatText (Customizable code) -->

    <!-- region ForProdId (Customizable code) -->
    <property name="ForProdId" type="Int64" access="field.camelcase"/>
    <!-- endregion ForProdId (Customizable code) -->

    <!-- region Package (Customizable code) -->
    <many-to-one name="Package" class="AgriMore.Logistics.Domain.PackagingDefine, AgriMore.Logistics.Domain" access="field.camelcase">
      <column name="PackId"  not-null="true" />
    </many-to-one>
    <!-- endregion Package (Customizable code) -->

    <!-- region ForInvoice (Customizable code) -->
    <many-to-one name="ForInvoice" class="AgriMore.Logistics.Domain.Invoicing, AgriMore.Logistics.Domain" access="field.camelcase">
      <column name="InvId"  not-null="true" />
    </many-to-one>
    <!-- endregion ForInvoice (Customizable code) -->

    <!-- region AddonCorrections (Customizable code) -->
    <set name="AddonCorrections" cascade="all" lazy="true" batch-size="100" access="field.camelcase">
      <cache usage="read-write"/>
      <key>
        <column name="CrtPackId"/>
      </key>
      <one-to-many class="AgriMore.Logistics.Domain.AddOnCorrection, AgriMore.Logistics.Domain"/>
    </set>
    <!-- endregion AddonCorrections (Customizable code) -->
  </class>
</hibernate-mapping>