﻿<?xml version="1.0" encoding="utf-8" ?>
<hibernate-mapping xmlns="urn:nhibernate-mapping-2.0">
  <!-- region BiddingDefine (Customizable code) -->
  <class name="AgriMore.Logistics.Domain.PackingConfirmed, AgriMore.Logistics.Domain" table="PackingConfirmed" lazy="false">
    <cache usage="read-write"/>
    <!-- endregion BiddingDefine (Customizable code) -->

    <!-- region Id (Customizable code) -->
    <id name="Uid" column="Uid" type="Int64" unsaved-value="0" access="field.camelcase">
      <generator class="identity"/>
    </id>
    <!-- endregion Id (Customizable code) -->

    <!-- region PackingAmount (Customizable code) -->
    <property name="PackingAmount" type="Int64" not-null="true" access="field.camelcase"/>
    <!-- endregion PackingAmount, Required (Customizable code) -->

    <!-- region AmountPerPack (Customizable code) -->
    <property name="AmountPerPack" type="Decimal" access="field.camelcase"/>
    <!-- endregion AmountPerPack, Required (Customizable code) -->

    <!-- region DebitVat (Customizable code) -->
    <property name="DebitVat" type="Int32" not-null="false" access="field.camelcase"/>
    <!-- endregion DebitVat (Customizable code) -->

    <!-- region DebitVatText (Customizable code) -->
    <property name="DebitVatText" type="string" not-null="false" access="field.camelcase"/>
    <!-- endregion DebitVatText (Customizable code) -->

    <!-- region CreditVat (Customizable code) -->
    <property name="CreditVat" type="Int32" not-null="false" access="field.camelcase"/>
    <!-- endregion CreditVat (Customizable code) -->

    <!-- region CreditVatText (Customizable code) -->
    <property name="CreditVatText" type="string" not-null="false" access="field.camelcase"/>
    <!-- endregion CreditVatText (Customizable code) -->

    <!-- region PriceType (Customizable code) -->
    <property name="PriceType" type="Int32" not-null="false" access="field.camelcase"/>
    <!-- endregion PriceType (Customizable code) -->

    <!-- region ProdSupForecast (Customizable code) -->
    <many-to-one name="Packing" class="AgriMore.Logistics.Domain.PackagingDefine, AgriMore.Logistics.Domain" cascade="save-update" access="field.camelcase">
      <column name="PackingId" />
    </many-to-one>
    <!-- endregion ProdSupForecast (Customizable code) -->

    <!-- region ProdSupForecast (Customizable code) -->
    <many-to-one name="ProdConfirmed" class="AgriMore.Logistics.Domain.ProductSupplyForecast, AgriMore.Logistics.Domain" cascade="save-update" access="field.camelcase">
      <column name="ProdConfirmId" />
    </many-to-one>
    <!-- endregion ProdSupForecast (Customizable code) -->

    <!-- region ProdSupForecast (Customizable code) -->
    <many-to-one name="CmpProdConfirmed" class="AgriMore.Logistics.Domain.CompositeProductSupply, AgriMore.Logistics.Domain" cascade="save-update" access="field.camelcase">
      <column name="CmpProdConfirmId" />
    </many-to-one>
    <!-- endregion ProdSupForecast (Customizable code) -->
  </class>
</hibernate-mapping>