﻿<?xml version="1.0" encoding="utf-8" ?>
<hibernate-mapping xmlns="urn:nhibernate-mapping-2.0">
  <!-- region PackageType (Customizable code) -->
  <class name="AgriMore.Logistics.Domain.PackagingBuyerReceivedInfo, AgriMore.Logistics.Domain" table="`PackagingBuyerReceivedInfo`" lazy="false">
    <cache usage="read-write"/>
    <!-- endregion PackageType (Customizable code) -->

    <!-- region Id (Customizable code) -->
    <id name="Uid" column="Uid" type="Int64" unsaved-value="0" access="field.camelcase">
      <generator class="identity"/>
    </id>
    <!-- endregion Id (Customizable code) -->

    <!-- region AmountPerPackaging, Required (Customizable code) -->
    <property name="AmountPerPackaging" type="Decimal" not-null="false" access="field.camelcase"/>
    <!-- endregion AmountPerPackaging, Required (Customizable code) -->

    <!-- region NumOfPackaging, Required (Customizable code) -->
    <property name="NumOfPackaging" type="Int64" not-null="false" access="field.camelcase"/>
    <!-- endregion NumOfPackaging, Required (Customizable code) -->

    <!-- region Package (Customizable code) -->
    <many-to-one name="Packaging" class="AgriMore.Logistics.Domain.PackagingDefine, AgriMore.Logistics.Domain" access="field.camelcase">
      <column name="PackagingId" />
    </many-to-one>
    <!-- region Package (Customizable code) -->

    <!-- region ProdBuyerRecivedInfo (Customizable code) -->
    <many-to-one name="ProdBuyerRecivedInfo" class="AgriMore.Logistics.Domain.ProdBuyerReceivedInfo, AgriMore.Logistics.Domain" access="field.camelcase">
      <column name="ProdReceivedId" />
    </many-to-one>
    <!-- region ProdBuyerRecivedInfo (Customizable code) -->

  </class>
</hibernate-mapping>