﻿<?xml version="1.0" encoding="utf-8" ?>
<hibernate-mapping xmlns="urn:nhibernate-mapping-2.0">
  <!-- region BiddingDefine (Customizable code) -->
  <class name="AgriMore.Logistics.Domain.PackagingDefine, AgriMore.Logistics.Domain" table="PackagingDefine" lazy="false">
    <cache usage="read-write"/>
    <!-- endregion BiddingDefine (Customizable code) -->

    <!-- region Id (Customizable code) -->
    <id name="Uid" column="Uid" type="Int64" unsaved-value="0" access="field.camelcase">
      <generator class="identity"/>
    </id>
    <!-- endregion Id (Customizable code) -->

    <!-- region Name (Customizable code) -->
    <property name="Name" type="String" not-null="true" access="field.camelcase"/>
    <!-- endregion Name, Required (Customizable code) -->

    <!-- region PackagingAmount (Customizable code) -->
    <property name="PackagingAmount" type="Decimal" not-null="true" access="field.camelcase"/>
    <!-- endregion PackagingAmount, Required (Customizable code) -->

    <!-- region Gs1Code, Required (Customizable code) -->
    <property name="Gs1Code" type="String" not-null="false" access="field.camelcase"/>
    <!-- endregion Gs1Code, Required (Customizable code) -->

	  <!-- region Gs1Code, Required (Customizable code) -->
	  <property name="LedgerCode" type="String" not-null="false" access="field.camelcase"/>
	  <!-- endregion Gs1Code, Required (Customizable code) -->
	  
	  <!-- region AutomaticallyUpdateWithNew (Customizable code) -->
	  <property name="AutomaticallyUpdateWithNew" type="Boolean" not-null="true" access="field.camelcase"/>
	  <!-- endregion AutomaticallyUpdateWithNew (Customizable code) -->
	  
    <!-- region OtherCode, Required (Customizable code) -->
    <property name="OtherCode" type="String" not-null="false" access="field.camelcase"/>
    <!-- endregion OtherCode, Required (Customizable code) -->

    <!-- region Price (Customizable code) -->
    <property name="Price" type="Decimal" not-null="true" access="field.camelcase"/>
    <!-- endregion Price, Required (Customizable code) -->

    <!-- region RentPrice (Customizable code) -->
    <property name="RentPrice" type="Decimal" not-null="true" access="field.camelcase"/>
    <!-- endregion RentPrice, Required (Customizable code) -->

    <!-- region DepositPrice (Customizable code) -->
    <property name="DepositPrice" type="Decimal" not-null="true" access="field.camelcase"/>
    <!-- endregion DepositPrice, Required (Customizable code) -->    

    <!-- region DepositPrice (Customizable code) -->
    <property name="IsVantilated" type="Boolean" not-null="true" access="field.camelcase"/>
    <!-- endregion DepositPrice, Required (Customizable code) -->

    <property name="IsSealed" type="Boolean" not-null="true" access="field.camelcase"/>
    
    <!-- region Currency (Customizable code) -->
    <property name="Currency" type="String" not-null="true" access="field.camelcase"/>
    <!-- endregion Currency, Required (Customizable code) -->

    <!-- region Uom (Customizable code) -->
    <many-to-one name="Uom" class="AgriMore.Logistics.Domain.UnitOfMeasurement, AgriMore.Logistics.Domain" cascade="save-update" access="field.camelcase">
      <column name="UomId" />
    </many-to-one>
    <!-- endregion Uom (Customizable code) -->

    <!-- region PackTypeCategory (Customizable code) -->
    <many-to-one name="PackTypeCategory" class="AgriMore.Logistics.Domain.PackageTypeCategory, AgriMore.Logistics.Domain" cascade="save-update" access="field.camelcase">
      <column name="PackTypeCategoryId" />
    </many-to-one>
    <!-- endregion PackTypeCategory (Customizable code) -->

	  <!-- region PackTypeCategory (Customizable code) -->
	  <many-to-one name="PackTypeSubCategory" class="AgriMore.Logistics.Domain.PackageTypeSubCategory, AgriMore.Logistics.Domain" cascade="save-update" access="field.camelcase">
		  <column name="PackTypeSubCategoryId" />
	  </many-to-one>
	  <!-- endregion PackTypeCategory (Customizable code) -->
    
    <!-- region AdminGroup (Customizable code) -->
    <many-to-one name="AdminGroup" class="AgriMore.Logistics.Domain.Organization, AgriMore.Logistics.Domain" cascade="none" access="field.camelcase">
      <column name="AdminGroupId" />
    </many-to-one>
    <!-- endregion AdminGroup (Customizable code) -->

    <!-- region ForProducts (Customizable code) -->
    <set name="ForProducts" table="ProductPackagingDefine" cascade="save-update" lazy="true" batch-size="100" access="field.camelcase">
      <key>
        <column name="PackagingId"/>
      </key>
      <many-to-many class="AgriMore.Logistics.Domain.Species, AgriMore.Logistics.Domain">
        <column name="ProductId"/>
      </many-to-many>
    </set>
    <!-- endregion ForProducts (Customizable code) -->

	  <!-- region InvitedOrgs (Customizable code) -->
	  <set name="Orgs" table="PackagingDefineOrganization" cascade="none" lazy="true" batch-size="100" access="field.camelcase">
		  <key>
			  <column name="PackagingDefineId"/>
		  </key>
		  <many-to-many class="AgriMore.Logistics.Domain.Organization, AgriMore.Logistics.Domain">
			  <column name="OrgId"/>
		  </many-to-many>
	  </set>
	  <!-- endregion InvitedOrgs (Customizable code) -->
    
	  <!-- region SettingForAvaiableOrganization (Customizable code) -->
	  <set name="AvaiableOrgs" table="PackagingDefineAvaiableOrganization" cascade="none" lazy="true" batch-size="100" access="field.camelcase">
		  <key>
			  <column name="PackagingDefineId"/>
		  </key>
		  <many-to-many class="AgriMore.Logistics.Domain.Organization, AgriMore.Logistics.Domain">
			  <column name="OrgId"/>
		  </many-to-many>
	  </set>
	  <!-- endregion SettingForAvaiableOrganization (Customizable code) -->
	  
    <!-- region PackingDefLangs, Composite (Customizable code) -->
    <set name="PackingDefLangs" cascade="all-delete-orphan" lazy="false" batch-size="100" access="field.camelcase">
      <cache usage="read-write"/>
      <key>
        <column name="PackDefId" />
      </key>
      <one-to-many class="AgriMore.Logistics.Domain.PackagingDefineLang, AgriMore.Logistics.Domain"/>
    </set>
    <!-- endregion PackingDefLangs, Composite (Customizable code) -->

    <!-- region PackagingMaterial (Customizable code) -->
    <many-to-one name="PackagingMaterial" class="AgriMore.Logistics.Domain.PackagingMaterial, AgriMore.Logistics.Domain" cascade="save-update" access="field.camelcase">
      <column name="PackagingMaterialId" />
    </many-to-one>

    <!-- region Uom (Customizable code) -->
    <many-to-one name="WidthUoM" class="AgriMore.Logistics.Domain.UnitOfMeasurement, AgriMore.Logistics.Domain" cascade="save-update" access="field.camelcase">
      <column name="WidthUnitOfMesurementId" />
    </many-to-one>

    <!-- region Uom (Customizable code) -->
    <many-to-one name="HeightUoM" class="AgriMore.Logistics.Domain.UnitOfMeasurement, AgriMore.Logistics.Domain" cascade="save-update" access="field.camelcase">
      <column name="HeightUnitOfMesurementId" />
    </many-to-one>

    <!-- region Uom (Customizable code) -->
    <many-to-one name="LengthUoM" class="AgriMore.Logistics.Domain.UnitOfMeasurement, AgriMore.Logistics.Domain" cascade="save-update" access="field.camelcase">
      <column name="LengthUnitOfMesurementId" />
    </many-to-one>

    <!-- region Uom (Customizable code) -->
    <many-to-one name="WeightUoM" class="AgriMore.Logistics.Domain.UnitOfMeasurement, AgriMore.Logistics.Domain" cascade="save-update" access="field.camelcase">
      <column name="WeightUnitOfMesurementId" />
    </many-to-one>
    
     <!-- region Uom (Customizable code) -->
    <many-to-one name="VolumeLxWxHUoM" class="AgriMore.Logistics.Domain.UnitOfMeasurement, AgriMore.Logistics.Domain" cascade="save-update" access="field.camelcase">
      <column name="VolumeLxWxHMesurementId" />
    </many-to-one>
    
     <!-- region Uom (Customizable code) -->
    <many-to-one name="VolumeContentUoM" class="AgriMore.Logistics.Domain.UnitOfMeasurement, AgriMore.Logistics.Domain" cascade="save-update" access="field.camelcase">
      <column name="VolumeContentMesurementId" />
    </many-to-one>

    <property name="WidthValue"  type="Decimal" not-null="false" access="field.camelcase"/>
    <property name="HeightValue" type="Decimal" not-null="false" access="field.camelcase"/>
    <property name="LengthValue" type="Decimal" not-null="false" access="field.camelcase"/>
    <property name="WeightValue" type="Decimal" not-null="false" access="field.camelcase"/>
    <property name="VolumeLxWxHValue" type="Decimal" not-null="false" access="field.camelcase"/>
    <property name="VolumeContentValue" type="String" not-null="false" access="field.camelcase"/>
  </class>
</hibernate-mapping>