﻿<?xml version="1.0" encoding="utf-8" ?>
<hibernate-mapping xmlns="urn:nhibernate-mapping-2.0">
  <!-- region PeriodSalesProcess (Customizable code) -->
  <class name="AgriMore.Logistics.Domain.PeriodSalesProcess, AgriMore.Logistics.Domain" table="PeriodSalesProcess" lazy="false">
    <cache usage="read-write"/>
    <!-- endregion PeriodSalesProcess (Customizable code) -->

    <!-- region Id (Customizable code) -->
    <id name="Uid" column="Uid" type="Int64" unsaved-value="0" access="field.camelcase">
      <generator class="identity"/>
    </id>
    <!-- endregion Id (Customizable code) -->

    <!-- region AvailableFrom (Customizable code) -->
    <property name="StartDate" type="DateTime" not-null="true" access="field.camelcase"/>
    <!-- endregion AvailableFrom, Required (Customizable code) -->

    <!-- region StartSubNDays (Customizable code) -->
    <property name="StartSubNDays" type="Int32" access="field.camelcase"/>
    <!-- endregion StartSubNDays, Required (Customizable code) -->

    <!-- region AvailableTo (Customizable code) -->
    <property name="EndDate" type="DateTime" not-null="true" access="field.camelcase"/>
    <!-- endregion AvailableTo, Required (Customizable code) -->

    <!-- region EndSubNDays (Customizable code) -->
    <property name="EndSubNDays" type="Int32" access="field.camelcase"/>
    <!-- endregion EndSubNDays, Required (Customizable code) -->

    <!-- region PeriodType (Customizable code) -->
    <property name="PeriodType" type="Int32" access="field.camelcase"/>
    <!-- endregion PeriodType, Required (Customizable code) -->

    <!-- region IndicatedDate (Customizable code) -->
    <property name="IndicatedDate" type="string" access="field.camelcase"/>
    <!-- endregion IndicatedDate, Required (Customizable code) -->

    <!-- region StartAtHrs (Customizable code) -->
    <property name="StartAtHrs" type="Int32" access="field.camelcase"/>
    <!-- endregion StartAtHrs, Required (Customizable code) -->

    <!-- region StartAtMinus (Customizable code) -->
    <property name="StartAtMinus" type="Int32" access="field.camelcase"/>
    <!-- endregion StartAtMinus, Required (Customizable code) -->

    <!-- region CloseAtHrs (Customizable code) -->
    <property name="CloseAtHrs" type="Int32" access="field.camelcase"/>
    <!-- endregion CloseAtHrs, Required (Customizable code) -->

    <!-- region CloseAtMinus (Customizable code) -->
    <property name="CloseAtMinus" type="Int32" access="field.camelcase"/>
    <!-- endregion CloseAtMinus, Required (Customizable code) -->

    <!-- region ProcessType (Customizable code) -->
    <property name="ProcessType" type="Int32" access="field.camelcase"/>
    <!-- endregion ProcessType, Required (Customizable code) -->

    <!-- region FixPrice (Customizable code) -->
    <property name="FixPrice" type="Decimal" access="field.camelcase"/>
    <!-- endregion FixPrice, Required (Customizable code) -->

    <!-- region AskPrice (Customizable code) -->
    <property name="AskPrice" type="Decimal" access="field.camelcase"/>
    <!-- endregion AskPrice, Required (Customizable code) -->

    <!-- region FloorPrice (Customizable code) -->
    <property name="FloorPrice" type="Decimal" access="field.camelcase"/>
    <!-- endregion FloorPrice, Required (Customizable code) -->

    <!-- region EvalOfferType (Customizable code) -->
    <property name="EvalOfferType" type="Int32" access="field.camelcase"/>
    <!-- endregion EvalOfferType, Required (Customizable code) -->

    <!-- region MaxPrice (Customizable code) -->
    <property name="MaxPrice" type="Decimal" access="field.camelcase"/>
    <!-- endregion MaxPrice, Required (Customizable code) -->

    <!-- region MinPrice (Customizable code) -->
    <property name="MinPrice" type="Decimal" access="field.camelcase"/>
    <!-- endregion MinPrice, Required (Customizable code) -->

    <!-- region Currency (Customizable code) -->
    <property name="Currency" type="string" access="field.camelcase"/>
    <!-- endregion Currency (Customizable code) -->

    <!-- region PeriodPlanning (Customizable code) -->
    <many-to-one name="PeriodPlanning" class="AgriMore.Logistics.Domain.PeriodSalesPlanning, AgriMore.Logistics.Domain" access="field.camelcase">
      <column name="PeriodPlanningId" />
    </many-to-one>
    <!-- endregion PeriodPlanning (Customizable code) -->
  </class>
</hibernate-mapping>