﻿<?xml version="1.0" encoding="utf-8" ?>
<hibernate-mapping xmlns="urn:nhibernate-mapping-2.0">
  <!-- region PeriodSalesPlanning (Customizable code) -->
  <class name="AgriMore.Logistics.Domain.PeriodSalesPlanning, AgriMore.Logistics.Domain" table="PeriodSalesPlannings" lazy="false">
    <cache usage="read-write"/>
    <!-- endregion PeriodSalesPlanning (Customizable code) -->

    <!-- region Id (Customizable code) -->
    <id name="Uid" column="Uid" type="Int64" unsaved-value="0" access="field.camelcase">
      <generator class="identity"/>
    </id>
    <!-- endregion Id (Customizable code) -->

    <!-- region StartDate (Customizable code) -->
    <property name="StartDate" type="DateTime" not-null="true" access="field.camelcase"/>
    <!-- endregion StartDate, Required (Customizable code) -->

    <!-- region StartNDays (Customizable code) -->
    <property name="StartNDays" type="Int32" access="field.camelcase"/>
    <!-- endregion StartNDays, Required (Customizable code) -->

    <!-- region EndDate (Customizable code) -->
    <property name="EndDate" type="DateTime" not-null="true" access="field.camelcase"/>
    <!-- endregion EndDate, Required (Customizable code) -->

    <!-- region EndNDays (Customizable code) -->
    <property name="EndNDays" type="Int32" access="field.camelcase"/>
    <!-- endregion EndNDays, Required (Customizable code) -->

    <!-- region PeriodType (Customizable code) -->
    <property name="PeriodType" type="Int32" access="field.camelcase"/>
    <!-- endregion PeriodType, Required (Customizable code) -->

	  <!-- region AutomaticallyUpdateWithNew (Customizable code) -->
	  <property name="AutomaticallyUpdateWithNewForProduct" type="Boolean" not-null="true" access="field.camelcase"/>
	  <!-- endregion AutomaticallyUpdateWithNew (Customizable code) -->

	  <!-- region AutomaticallyUpdateWithNew (Customizable code) -->
	  <property name="AutomaticallyUpdateWithNewForSupplier" type="Boolean" not-null="true" access="field.camelcase"/>
	  <!-- endregion AutomaticallyUpdateWithNew (Customizable code) -->

	  <!-- region AutomaticallyUpdateWithNew (Customizable code) -->
	  <property name="AutomaticallyUpdateWithNewForTradingCompany" type="Boolean" not-null="true" access="field.camelcase"/>
	  <!-- endregion AutomaticallyUpdateWithNew (Customizable code) -->
	  
	  
    <!-- region SalesProcess, Composite, Inverse (Customizable code) -->
    <set name="SalesProcess" cascade="all-delete-orphan" lazy="true" batch-size="100" inverse="true" access="field.camelcase">
      <key>
        <column name="PeriodPlanningId"/>
      </key>
      <one-to-many class="AgriMore.Logistics.Domain.PeriodSalesProcess, AgriMore.Logistics.Domain"/>
    </set>
    <!-- endregion SalesProcess, Composite, Inverse (Customizable code) -->

    <!-- region PlaningOrg (Customizable code) -->
    <many-to-one name="PlanningOrg" class="AgriMore.Logistics.Domain.Organization, AgriMore.Logistics.Domain" access="field.camelcase">
      <column name="PlanningOrgId" />
    </many-to-one>
    <!-- endregion PlaningOrg (Customizable code) -->

    <!-- region CreatedBy (Customizable code) -->
    <property name="CreatedBy" type="string" access="field.camelcase"/>
    <!-- endregion CreatedBy, Required (Customizable code) -->

    <!-- region CreatedAt (Customizable code) -->
    <property name="CreatedAt" type="DateTime" access="field.camelcase"/>
    <!-- endregion CreatedAt, Required (Customizable code) -->

    <!-- region ForProducts (Customizable code) -->
    <!--<set name="ForProducts" table="PeriodSalesForProducts" lazy="true" batch-size="100" access="field.camelcase">
      <key>
        <column name="PeriodPlanningId"/>
      </key>
      <many-to-many class="AgriMore.Logistics.Domain.Species, AgriMore.Logistics.Domain">
        <column name="ProductId"/>
      </many-to-many>
    </set>-->
    <!-- endregion ForProducts (Customizable code) -->

	  <!-- region ForProducts (Customizable code) -->
	  <!--<set name="ForAvailableProducts" table="PeriodSalesForAvailableProducts" lazy="true" batch-size="100" access="field.camelcase">
		  <key>
			  <column name="PeriodPlanningId"/>
		  </key>
		  <many-to-many class="AgriMore.Logistics.Domain.Species, AgriMore.Logistics.Domain">
			  <column name="ProductId"/>
		  </many-to-many>
	  </set>-->
	  <!-- endregion ForProducts (Customizable code) -->





    <!-- region ForProducts (Customizable code) -->
    <set name="ForProdFavs" table="PeriodSalesForProductFavourites" lazy="true" batch-size="100" access="field.camelcase">
      <key>
        <column name="PeriodPlanningId"/>
      </key>
      <many-to-many class="AgriMore.Logistics.Domain.ProductFavourites, AgriMore.Logistics.Domain">
        <column name="ProductFavId"/>
      </many-to-many>
    </set>
    <!-- endregion ForProducts (Customizable code) -->

    <!-- region ForSuppliers (Customizable code) -->
    <set name="ForSuppliers" table="PeriodSalesForSuppiers" lazy="true" batch-size="100" access="field.camelcase">
      <key>
        <column name="PeriodPlanningId"/>
      </key>
      <many-to-many class="AgriMore.Logistics.Domain.Organization, AgriMore.Logistics.Domain">
        <column name="SupplierId"/>
      </many-to-many>
    </set>
    <!-- endregion ForSuppliers (Customizable code) -->

	  <!-- region ForSuppliers (Customizable code) -->
	  <set name="ForAvailableSuppliers" table="PeriodSalesForAvailableSuppiers" lazy="true" batch-size="100" access="field.camelcase">
		  <key>
			  <column name="PeriodPlanningId"/>
		  </key>
		  <many-to-many class="AgriMore.Logistics.Domain.Organization, AgriMore.Logistics.Domain">
			  <column name="SupplierId"/>
		  </many-to-many>
	  </set>
	  <!-- endregion ForSuppliers (Customizable code) -->

    <!-- region InvitedOrgs (Customizable code) -->
    <set name="InvitedOrgs" table="PeriodSalesInvitation" lazy="true" batch-size="100" access="field.camelcase">
      <key>
        <column name="PeriodPlanningId"/>
      </key>
      <many-to-many class="AgriMore.Logistics.Domain.Organization, AgriMore.Logistics.Domain">
        <column name="InvitedOrgId"/>
      </many-to-many>
    </set>
    <!-- endregion InvitedOrgs (Customizable code) -->

	  <!-- region InvitedOrgs (Customizable code) -->
	  <set name="InvitedAvailableOrgs" table="PeriodSalesAvailableInvitation" lazy="true" batch-size="100" access="field.camelcase">
		  <key>
			  <column name="PeriodPlanningId"/>
		  </key>
		  <many-to-many class="AgriMore.Logistics.Domain.Organization, AgriMore.Logistics.Domain">
			  <column name="InvitedOrgId"/>
		  </many-to-many>
	  </set>
	  <!-- endregion InvitedOrgs (Customizable code) -->
  </class>
</hibernate-mapping>