﻿<?xml version="1.0" encoding="utf-8" ?>
<hibernate-mapping xmlns="urn:nhibernate-mapping-2.0">
  <!-- region PlanningPurchaseProcess (Customizable code) -->
  <class name="AgriMore.Logistics.Domain.PlanningPurchaseProcess, AgriMore.Logistics.Domain" table="`PlanningPurchase_PurchaseProcess`" lazy="false">
    <cache usage="read-write"/>
    <!-- endregion PlanningPurchaseProcess (Customizable code) -->

    <!-- region Id (Customizable code) -->
    <id name="Uid" column="Uid" type="Int64" unsaved-value="0" access="field.camelcase">
      <generator class="identity"/>
    </id>
    <!-- endregion Id (Customizable code) -->

    <!-- region StartAt, Required (Customizable code) -->
    <property name="StartAt" type="DateTime" access="field.camelcase"/>
    <!-- endregion StartAt, Required (Customizable code) -->

    <!-- region StartNDays, Required (Customizable code) -->
    <property name="StartNDays" type="Int32" access="field.camelcase"/>
    <!-- endregion StartNDays, Required (Customizable code) -->

    <!-- region CloseAt, Required (Customizable code) -->
    <property name="CloseAt" type="DateTime" access="field.camelcase"/>
    <!-- endregion CloseAt, Required (Customizable code) -->

    <!-- region CloseNDays, Required (Customizable code) -->
    <property name="CloseNDays" type="Int32" access="field.camelcase"/>
    <!-- endregion CloseNDays, Required (Customizable code) -->

    <!-- region PeriodType (Customizable code) -->
    <property name="PeriodType" type="Int32" access="field.camelcase"/>
    <!-- endregion PeriodType (Customizable code) -->

    <!-- region FixedPrice (Customizable code) -->
    <property name="FixedPrice" type="Decimal" access="field.camelcase"/>
    <!-- endregion FixedPrice, Required (Customizable code) -->

    <!-- region OfferPrice (Customizable code) -->
    <property name="OfferPrice" type="Decimal" access="field.camelcase"/>
    <!-- endregion OfferPrice, Required (Customizable code) -->

    <!-- region CeilingPrice (Customizable code) -->
    <property name="CeilingPrice" type="Decimal" access="field.camelcase"/>
    <!-- endregion CeilingPrice, Required (Customizable code) -->

    <!-- region biddingMaxPrice (Customizable code) -->
    <property name="BiddingMaxPrice" type="Decimal" access="field.camelcase"/>
    <!-- endregion biddingMaxPrice, Required (Customizable code) -->

    <!-- region AuctionMaxPrice (Customizable code) -->
    <property name="AuctionMaxPrice" type="Decimal" access="field.camelcase"/>
    <!-- endregion AuctionMaxPrice, Required (Customizable code) -->

    <!-- region AuctionMinPrice (Customizable code) -->
    <property name="AuctionMinPrice" type="Decimal" access="field.camelcase"/>
    <!-- endregion AuctionMinPrice, Required (Customizable code) -->

    <!-- region Currency (Customizable code) -->
    <property name="Currency" type="String" access="field.camelcase"/>
    <!-- endregion Currency, Required (Customizable code) -->

    <!-- region ProcessType (Customizable code) -->
    <property name="ProcessType" type="Int32" access="field.camelcase"/>
    <!-- endregion ProcessType, Required (Customizable code) -->

    <!-- region PlanPurchase (Customizable code) -->
    <many-to-one name="PlanPurchase" class="AgriMore.Logistics.Domain.PlanningPurchase, AgriMore.Logistics.Domain" access="field.camelcase">
      <column name="PlanningPurchaseId" />
    </many-to-one>
    <!-- endregion PlanPurchase (Customizable code) -->
  </class>
</hibernate-mapping>