﻿<?xml version="1.0" encoding="utf-8" ?>
<hibernate-mapping xmlns="urn:nhibernate-mapping-2.0">
  <!-- region PlanningSale (Customizable code) -->
  <class name="AgriMore.Logistics.Domain.PlanningSale, AgriMore.Logistics.Domain" table="PlanningSales" lazy="false">
    <cache usage="read-write"/>
    <!-- endregion PlanningSale (Customizable code) -->

    <!-- region Id (Customizable code) -->
    <id name="Uid" column="Uid" type="Int64" unsaved-value="0" access="field.camelcase">
      <generator class="identity"/>
    </id>
    <!-- endregion Id (Customizable code) -->

    <!-- region Species (Customizable code) -->
    <!--<many-to-one name="Product" class="AgriMore.Logistics.Domain.Species, AgriMore.Logistics.Domain" cascade="save-update" access="field.camelcase">
      <column name="ProductId" />
    </many-to-one>-->
    <!-- endregion Species (Customizable code) -->

    <!-- region CatTypeId (Customizable code) -->
    <property name="ProductIds" type="string" access="field.camelcase"/>
    <!-- endregion CatTypeId, Required (Customizable code) -->

    <!-- region CatTypeIds (Customizable code) -->
    <property name="CatTypeIds" type="String" access="field.camelcase"/>
    <!-- endregion CatTypeIds, Required (Customizable code) -->

    <!-- region CategoryIds (Customizable code) -->
    <property name="CategoryIds" type="string" access="field.camelcase"/>
    <!-- endregion CategoryIds, Required (Customizable code) -->

    <!-- region SupplierIds (Customizable code) -->
    <property name="SupplierIds" type="string" access="field.camelcase"/>
    <!-- endregion SupplierIds, Required (Customizable code) -->

    <!-- region AvailableFrom (Customizable code) -->
    <property name="AvailableFrom" type="DateTime" not-null="true" access="field.camelcase"/>
    <!-- endregion AvailableFrom, Required (Customizable code) -->

    <!-- region AvailableTo (Customizable code) -->
    <property name="AvailableTo" type="DateTime" not-null="true" access="field.camelcase"/>
    <!-- endregion AvailableTo, Required (Customizable code) -->

    <!-- region StartAt (Customizable code) -->
    <property name="StartAt" type="DateTime" not-null="true" access="field.camelcase"/>
    <!-- endregion StartAt, Required (Customizable code) -->

    <!-- region StartTime (Customizable code) -->
    <property name="StartTime" type="Int32" access="field.camelcase"/>
    <!-- endregion StartTime, Required (Customizable code) -->

    <!-- region CloseAt (Customizable code) -->
    <property name="CloseAt" type="DateTime" access="field.camelcase"/>
    <!-- endregion CloseAt, Required (Customizable code) -->

    <!-- region CloseTime (Customizable code) -->
    <property name="CloseTime" type="Int32" access="field.camelcase"/>
    <!-- endregion CloseTime, Required (Customizable code) -->

    <!-- region ProcessType (Customizable code) -->
    <property name="ProcessType" type="Int32" access="field.camelcase"/>
    <!-- endregion ProcessType, Required (Customizable code) -->


    <!-- region FixPrice (Customizable code) -->
    <property name="FixPrice" type="Decimal" access="field.camelcase"/>
    <!-- endregion FixPrice, Required (Customizable code) -->

    <!-- region AskPrice (Customizable code) -->
    <property name="AskPrice" type="Decimal" access="field.camelcase"/>
    <!-- endregion AskPrice, Required (Customizable code) -->

    <!-- region FloorPrice (Customizable code) -->
    <property name="FloorPrice" type="Decimal" access="field.camelcase"/>
    <!-- endregion FloorPrice, Required (Customizable code) -->

    <!-- region MaxPrice (Customizable code) -->
    <property name="MaxPrice" type="Decimal" access="field.camelcase"/>
    <!-- endregion MaxPrice, Required (Customizable code) -->

    <!-- region MinPrice (Customizable code) -->
    <property name="MinPrice" type="Decimal" access="field.camelcase"/>
    <!-- endregion MinPrice, Required (Customizable code) -->


    <!-- region UOM (Customizable code) -->
    <!--<many-to-one name="Uom" class="AgriMore.Logistics.Domain.UnitOfMeasurement, AgriMore.Logistics.Domain" cascade="save-update" access="field.camelcase">
      <column name="UomId" />
    </many-to-one>-->
    <!-- region UOM (Customizable code) -->

    <!-- region Currency (Customizable code) -->
    <!--<property name="Currency" type="String" access="field.camelcase"/>-->
    <!-- endregion Currency, Required (Customizable code) -->

    <!-- region ProdSupplyIds (Customizable code) -->
    <property name="ProdSupplyIds" type="string" access="field.camelcase"/>
    <!-- endregion ProdSupplyIds, Required (Customizable code) -->

    <!-- region ApplyForIds (Customizable code) -->
    <property name="ApplyForIds" type="string" access="field.camelcase"/>
    <!-- endregion ApplyForIds, Required (Customizable code) -->

    <!-- region PlaningOrg (Customizable code) -->
    <many-to-one name="PlaningOrg" class="AgriMore.Logistics.Domain.Organization, AgriMore.Logistics.Domain" access="field.camelcase">
      <column name="PlaningOrgId" />
    </many-to-one>
    <!-- endregion PlaningOrg (Customizable code) -->

    <!-- region CreatedBy (Customizable code) -->
    <property name="CreatedBy" type="string" access="field.camelcase"/>
    <!-- endregion CreatedBy, Required (Customizable code) -->

    <!-- region CreatedAt (Customizable code) -->
    <property name="CreatedAt" type="DateTime" access="field.camelcase"/>
    <!-- endregion CreatedAt, Required (Customizable code) -->

    <!-- region InvitedOrgs (Customizable code) -->
    <set name="InvitedOrgs" table="PlanningSaleInvitation" lazy="true" batch-size="100" access="field.camelcase">
      <key>
        <column name="PlanningSaleId"/>
      </key>
      <many-to-many class="AgriMore.Logistics.Domain.Organization, AgriMore.Logistics.Domain">
        <column name="InvOrgId"/>
      </many-to-many>
    </set>
    <!-- endregion InvitedOrgs (Customizable code) -->
  </class>
</hibernate-mapping>