﻿<?xml version="1.0" encoding="utf-8" ?>
<hibernate-mapping xmlns="urn:nhibernate-mapping-2.0">
  <!-- region PackageType (Customizable code) -->
  <class name="AgriMore.Logistics.Domain.PlanningPurchase, AgriMore.Logistics.Domain" table="`PlanningPurchase`" lazy="false">
    <cache usage="read-write"/>
    <!-- endregion PackageType (Customizable code) -->

    <!-- region Id (Customizable code) -->
    <id name="Uid" column="Uid" type="Int64" unsaved-value="0" access="field.camelcase">
      <generator class="identity"/>
    </id>
    <!-- endregion Id (Customizable code) -->

    <!-- region Amount, Required (Customizable code) -->
    <property name="Amount" type="Int64" access="field.camelcase"/>
    <!-- endregion Amount, Required (Customizable code) -->

    <!-- region ActualUOM (Customizable code) -->
    <many-to-one name="Uom" class="AgriMore.Logistics.Domain.UnitOfMeasurement, AgriMore.Logistics.Domain" access="field.camelcase">
      <column name="UomId" />
    </many-to-one>
    <!-- region ActualUOM (Customizable code) -->

    <!-- region PurchaseFrom, Required (Customizable code) -->
    <property name="PurchaseFrom" type="DateTime" access="field.camelcase"/>
    <!-- endregion PurchaseFrom, Required (Customizable code) -->

    <!-- region FromNDays, Required (Customizable code) -->
    <property name="FromNDays" type="Int32" access="field.camelcase"/>
    <!-- endregion FromNDays, Required (Customizable code) -->

    <!-- region PurchaseTo, Required (Customizable code) -->
    <property name="PurchaseTo" type="DateTime" access="field.camelcase"/>
    <!-- endregion PurchaseTo, Required (Customizable code) -->

    <!-- region ToNDays, Required (Customizable code) -->
    <property name="ToNDays" type="Int32" access="field.camelcase"/>
    <!-- endregion ToNDays, Required (Customizable code) -->

    <!-- region PeriodType, Required (Customizable code) -->
    <property name="PeriodType" type="Int32" access="field.camelcase"/>
    <!-- endregion PeriodType, Required (Customizable code) -->

    <!-- region BuyerUid (Customizable code) -->
    <property name="BuyerUid" type="string" access="field.camelcase"/>
    <!-- endregion BuyerUid (Customizable code) -->

    <!-- region UpdatedAt, Required (Customizable code) -->
    <property name="UpdatedAt" type="DateTime" access="field.camelcase"/>
    <!-- endregion UpdatedAt, Required (Customizable code) -->

    <!-- region IsIssued, Required (Customizable code) -->
    <property name="IsIssued" type="Boolean" access="field.camelcase"/>
    <!-- endregion IsIssued, Required (Customizable code) -->

    <!-- region ProdFavs (Customizable code) -->
    <set name="ProdFavs" table="PlanningPurchase_ProductFavourite" lazy="true" batch-size="100" access="field.camelcase">
      <key>
        <column name="PlanningPurchaseId"/>
      </key>
      <many-to-many class="AgriMore.Logistics.Domain.ProductFavourites, AgriMore.Logistics.Domain">
        <column name="ProdFavId"/>
      </many-to-many>
    </set>
    <!--  endregion ProdFavs, Composite (Customizable code)  -->

    <!-- region Sellers (Customizable code) -->
    <set name="Sellers" table="PlanningPurchase_Seller" lazy="true" batch-size="100" access="field.camelcase">
      <key>
        <column name="PlanningPurchaseId"/>
      </key>
      <many-to-many class="AgriMore.Logistics.Domain.Organization, AgriMore.Logistics.Domain">
        <column name="SellerId"/>
      </many-to-many>
    </set>
    <!-- endregion Sellers (Customizable code) -->

    <!-- region Suppliers (Customizable code) -->
    <set name="Suppliers" table="PlanningPurchase_Supplier" lazy="true" batch-size="100" access="field.camelcase">
      <key>
        <column name="PlanningPurchaseId"/>
      </key>
      <many-to-many class="AgriMore.Logistics.Domain.Organization, AgriMore.Logistics.Domain">
        <column name="SupplierId"/>
      </many-to-many>
    </set>
    <!-- endregion Suppliers (Customizable code) -->

    <!-- region IdtPackagings (Customizable code) -->
    <set name="IdtPackagings" table="PlanningPurchase_Packaging" cascade="none" lazy="true" batch-size="100" access="field.camelcase">
      <key>
        <column name="PlanningPurchaseId"/>
      </key>
      <many-to-many class="AgriMore.Logistics.Domain.PackagingDefine, AgriMore.Logistics.Domain">
        <column name="PackId"/>
      </many-to-many>
    </set>
    <!-- endregion IdtPackagings (Customizable code) -->

    <!-- region ListPurchProcess, Composite (Customizable code) -->
    <set name="ListPurchProcess" cascade="all-delete-orphan" lazy="true" batch-size="100" access="field.camelcase">
      <cache usage="read-write"/>
      <key>
        <column name="PlanningPurchaseId" />
      </key>
      <one-to-many class="AgriMore.Logistics.Domain.PlanningPurchaseProcess, AgriMore.Logistics.Domain"/>
    </set>
    <!-- endregion ListPurchProcess, Composite (Customizable code) -->
  </class>
</hibernate-mapping>