﻿<?xml version="1.0" encoding="utf-8" ?>
<hibernate-mapping xmlns="urn:nhibernate-mapping-2.0">
  <!-- region ForecastReminderDefine (Customizable code) -->
  <class name="AgriMore.Logistics.Domain.PriceUpdateReminderDefine, AgriMore.Logistics.Domain" table="PriceUpdateReminderDefine" lazy="false">
    <cache usage="read-write"/>
    <!-- endregion ForecastReminderDefine (Customizable code) -->

    <!-- region Id (Customizable code) -->
    <id name="Uid" column="Uid" type="Int64" unsaved-value="0" access="field.camelcase">
      <generator class="identity"/>
    </id>
    <!-- endregion Id (Customizable code) -->

    <!-- region ToEmail (Customizable code) -->
    <property name="ToEmail" type="String" access="field.camelcase"/>
    <!-- endregion ToEmail (Customizable code) -->

    <!-- region CcEmail (Customizable code) -->
    <property name="CcEmail" type="String" access="field.camelcase"/>
    <!-- endregion CcEmail (Customizable code) -->
 
    <!-- region InvitedOrgs (Customizable code) -->
    <set name="Buyers" table="PriceUpdateReminderDefineBuyer" cascade="none" lazy="true" batch-size="100" access="field.camelcase">
      <key>
        <column name="PriceUpdateReminderDefineId"/>
      </key>
      <many-to-many class="AgriMore.Logistics.Domain.Organization, AgriMore.Logistics.Domain">
        <column name="GrowerId"/>
      </many-to-many>
    </set>
    <!-- endregion InvitedOrgs (Customizable code) -->
	  
	  <!-- region Emails (Customizable code) -->
	  <set name="Emails" cascade="all-delete-orphan" lazy="false" batch-size="100" inverse="true" access="field.camelcase">
		  <cache usage="read-write"/>
		  <key>
			  <column name="PriceUpdateReminderDefineId"/>
		  </key>
		  <one-to-many class="AgriMore.Logistics.Domain.PriceUpdateReminderDefineEmail, AgriMore.Logistics.Domain"/>
	  </set>
	  <!-- endregion Emails (Customizable code) -->
	  
  </class>
</hibernate-mapping>