<?xml version="1.0" encoding="utf-8" ?>
<hibernate-mapping xmlns="urn:nhibernate-mapping-2.0">
  <!-- region PrimaryProduct (Customizable code) -->
  <class name="AgriMore.Logistics.Domain.PrimaryProduct, AgriMore.Logistics.Domain" table="`PrimaryProduct`" lazy="false">
    <!-- endregion PrimaryProduct (Customizable code) -->

    <!-- region Id (Customizable code) -->
    <id name="Uid" column="Uid" type="Int64" unsaved-value="0" access="field.camelcase">
      <generator class="identity"/>
    </id>
    <!-- endregion Id (Customizable code) -->

    <!-- region HarvestedProductDescription (Customizable code) -->
    <property name="HarvestedProductDescription" type="String" access="field.camelcase"/>
    <!-- endregion HarvestedProductDescription (Customizable code) -->

    <!-- region LifeCycleId (Customizable code) -->
    <property name="LifeCycleId" type="String" access="field.camelcase"/>
    <!-- endregion LifeCycleId (Customizable code) -->

    <!-- region ProductionAreaId (Customizable code) -->
    <property name="ProductionAreaId" type="String" access="field.camelcase"/>
    <!-- endregion ProductionAreaId (Customizable code) -->

    <!-- region Life cycle harvest forecast (Customizable code) -->
    <property name="LifeCycleHf" type="String" access="field.camelcase"/>
    <!-- endregion Life cycle harvest forecast (Customizable code) -->

    <!-- region Product Details (Customizable code) -->
    <property name="ProductDetail" type="String" access="field.camelcase"/>
    <!-- endregion Product Details (Customizable code) -->
    
  </class>
</hibernate-mapping>