<?xml version="1.0" encoding="utf-8" ?>
<hibernate-mapping xmlns="urn:nhibernate-mapping-2.0">
    <!-- region ProcessingStep (Customizable code) -->
    <class name="AgriMore.Logistics.Domain.ProcessingStep, AgriMore.Logistics.Domain" table="`ProcessingStep`" lazy="false">
    <!-- endregion ProcessingStep (Customizable code) -->

        <!-- region Id (Customizable code) -->
        <id name="Uid" column="Uid" type="Int64" unsaved-value="0" access="field.camelcase">
            <generator class="identity"/>
        </id>
        <!-- endregion Id (Customizable code) -->

 
        <!-- region DateOfEntry, Required (Customizable code) -->
        <property name="DateOfEntry" type="DateTime" not-null="true" access="field.camelcase"/>
        <!-- endregion DateOfEntry, Required (Customizable code) -->
 
        <!-- region ObjectUid, Required (Customizable code) -->
        <property name="ObjectUid" type="Int64" not-null="true" access="field.camelcase"/>
        <!-- endregion ObjectUid, Required (Customizable code) -->
 
        <!-- region PackageTypeId, Required (Customizable code) -->
        <property name="PackageTypeId" type="Int64" not-null="true" access="field.camelcase"/>
        <!-- endregion PackageTypeId, Required (Customizable code) -->
 
        <!-- region PackageUid, Required (Customizable code) -->
        <property name="PackageUid" type="Int64" not-null="true" access="field.camelcase"/>
        <!-- endregion PackageUid, Required (Customizable code) -->
 
        <!-- region ParentPackageUid, Required (Customizable code) -->
        <property name="ParentPackageUid" type="Int64" not-null="true" access="field.camelcase"/>
        <!-- endregion ParentPackageUid, Required (Customizable code) -->
 
        <!-- region Remarks, Length(16777215) (Customizable code) -->
        <property name="Remarks" type="String" length="16777215" access="field.camelcase"/>
        <!-- endregion Remarks, Length(16777215) (Customizable code) -->
 
        <!-- region UserId, Required (Customizable code) -->
        <property name="UserId" type="Int64" not-null="true" access="field.camelcase"/>
        <!-- endregion UserId, Required (Customizable code) -->
 
        <!-- region ProcessingStepType, Required (Customizable code) -->
        <property name="ProcessingStepType" type="AgriMore.Logistics.Domain.ProcessingStepType, AgriMore.Logistics.Domain" not-null="true" access="field.camelcase"/>
        <!-- endregion ProcessingStepType, Required (Customizable code) -->
    </class>
</hibernate-mapping>