﻿<?xml version="1.0" encoding="utf-8" ?>
<hibernate-mapping xmlns="urn:nhibernate-mapping-2.0">
  <!-- region ProductAttribute (Customizable code) -->
  <class name="AgriMore.Logistics.Domain.ProductAttribute, AgriMore.Logistics.Domain" table="`ProductAttributes`" lazy="false">
    <cache usage="read-write"/>
    <!-- endregion ProductAttribute (Customizable code) -->

    <!-- region Id (Customizable code) -->
    <id name="Uid" column="Uid" type="Int64" unsaved-value="0" access="field.camelcase">
      <generator class="identity"/>
    </id>
    <!-- endregion Id (Customizable code) -->

    <!-- region Name, Required (Customizable code) -->
    <property name="Name" type="String" not-null="true" access="field.camelcase"/>
    <!-- endregion Name, Required (Customizable code) -->

    <!-- region Gs1Code, Required (Customizable code) -->
    <property name="Gs1Code" type="String" not-null="false" access="field.camelcase"/>
    <!-- endregion Gs1Code, Required (Customizable code) -->

	  <!-- region LedgerCode, Required (Customizable code) -->
	  <property name="LedgerCode" type="String" not-null="false" access="field.camelcase"/>
	  <!-- endregion LedgerCode, Required (Customizable code) -->

    <!-- region OtherCode, Required (Customizable code) -->
    <property name="OtherCode" type="String" not-null="false" access="field.camelcase"/>
    <!-- endregion OtherCode, Required (Customizable code) -->

	  <!-- region AutomaticallyUpdateWithNew (Customizable code) -->
	  <property name="AutomaticallyUpdateWithNew" type="Boolean" not-null="true" access="field.camelcase"/>
	  <!-- endregion AutomaticallyUpdateWithNew (Customizable code) -->
	  
    <!-- region ProdAttrGrp (Customizable code) -->
    <many-to-one name="ProdAttrGrp" class="AgriMore.Logistics.Domain.ProductAttributeGroup, AgriMore.Logistics.Domain" access="field.camelcase">
      <column name="ProdAttrGrpId" />
    </many-to-one>
    <!-- endregion ProdAttrGrp (Customizable code) -->

    <!-- region ProdAttrLangs, Composite, Inverse (Customizable code) -->
    <set name="ProdAttrLangs" cascade="all-delete-orphan" lazy="false" batch-size="100" inverse="true" access="field.camelcase">
      <cache usage="read-write"/>
      <key>
        <column name="ProdAttrId"/>
      </key>
      <one-to-many class="AgriMore.Logistics.Domain.ProductAttributeLang, AgriMore.Logistics.Domain"/>
    </set>
    <!-- endregion ProdAttrLangs, Composite, Inverse (Customizable code) -->

    <!-- region Products, Composite, Inverse (Customizable code) -->
    <set name="Products" table="Product_AdditionalAttribute" access="field.camelcase">
      <key>
        <column name="ProdAttrId"/>
      </key>
      <many-to-many class="AgriMore.Logistics.Domain.Species, AgriMore.Logistics.Domain">
        <column name="ProdId"/>
      </many-to-many>
    </set>
    <!-- endregion Products, Composite, Inverse (Customizable code) -->

	  <!-- region InvitedOrgs (Customizable code) -->
	  <set name="Orgs" table="ProductAttributesOrganization" cascade="none" lazy="true" batch-size="100" access="field.camelcase">
		  <key>
			  <column name="ProductAttributesId"/>
		  </key>
		  <many-to-many class="AgriMore.Logistics.Domain.Organization, AgriMore.Logistics.Domain">
			  <column name="OrgId"/>
		  </many-to-many>
	  </set>
	  <!-- endregion InvitedOrgs (Customizable code) -->
	  <!-- region SettingForAvaiableOrganization (Customizable code) -->
	  <set name="AvaiableOrgs" table="ProductAttributesAvaiableOrganization" cascade="none" lazy="true" batch-size="100" access="field.camelcase">
		  <key>
			  <column name="ProductAttributesId"/>
		  </key>
		  <many-to-many class="AgriMore.Logistics.Domain.Organization, AgriMore.Logistics.Domain">
			  <column name="OrgId"/>
		  </many-to-many>
	  </set>
	  <!-- endregion SettingForAvaiableOrganization (Customizable code) -->
  </class>
</hibernate-mapping>