﻿<?xml version="1.0" encoding="utf-8" ?>
<hibernate-mapping xmlns="urn:nhibernate-mapping-2.0">
  <class name="AgriMore.Logistics.Domain.ProductInfo, AgriMore.Logistics.Domain" table="ProductInfo" lazy="false">
    <id name="Uid" column="Uid" type="Int64" unsaved-value="0">
      <generator class="identity"/>
    </id>    
    <property name="IsVisibleAll" type="Boolean" />
    <property name="IsShareDirectlyViaQrCode" type="Boolean"/>    

    <set name="VisibleOrgs" table="productinfo_visible4org" cascade="none" lazy="true" batch-size="100" access="field.camelcase">
      <key>
        <column name="ProductInfoId"/>
      </key>
      <many-to-many class="AgriMore.Logistics.Domain.Organization, AgriMore.Logistics.Domain">
        <column name="OrgId"/>
      </many-to-many>
    </set>

    <set name="VisibleRoles" table="productinfo_visible4role" cascade="none" lazy="true" batch-size="100" access="field.camelcase">
      <key>
        <column name="ProductInfoId"/>
      </key>
      <many-to-many class="AgriMore.Logistics.Domain.Role, AgriMore.Logistics.Domain">
        <column name="RoleId"/>
      </many-to-many>
    </set>
  </class>
</hibernate-mapping>