﻿<?xml version="1.0" encoding="utf-8" ?>
<hibernate-mapping xmlns="urn:nhibernate-mapping-2.0">
  <class name="AgriMore.Logistics.Domain.Products4CompositeProductFavourite, AgriMore.Logistics.Domain" table="Products4CompositeProductFavourite" lazy="false">

    <!-- region Id (Customizable code) -->
    <id name="Uid" column="Uid" type="Int64" unsaved-value="0">
      <generator class="identity"/>
    </id>
    <!-- endregion Id (Customizable code) -->

    <property name="ProductAmount" type="Decimal" not-null="true" />
    <property name="PackageAmount" type="Int64" not-null="true" />

    <many-to-one name="ProdFavourite" class="AgriMore.Logistics.Domain.ProductFavourites, AgriMore.Logistics.Domain">
      <column name="ProductFavId" />
    </many-to-one>

    <many-to-one name="Uom" class="AgriMore.Logistics.Domain.UnitOfMeasurement, AgriMore.Logistics.Domain">
      <column name="ProductUomId" />
    </many-to-one>

    <many-to-one name="SelectedPackType" class="AgriMore.Logistics.Domain.PackagingDefine, AgriMore.Logistics.Domain">
      <column name="SelectedPackId" />
    </many-to-one>

    <many-to-one name="CompositeProdFav" class="AgriMore.Logistics.Domain.CompositeProductFavourite, AgriMore.Logistics.Domain">
      <column name="CompositeProdFavId" />
    </many-to-one>
  </class>
</hibernate-mapping>