﻿<?xml version="1.0" encoding="utf-8" ?>
<hibernate-mapping xmlns="urn:nhibernate-mapping-2.0">
  <!-- region ProductAttributeGroupLang (Customizable code) -->
  <class name="AgriMore.Logistics.Domain.ProductAttributeGroupLang, AgriMore.Logistics.Domain" table="ProductAttributesGroup_Lang" lazy="false">
    <cache usage="read-write"/>
    <!-- endregion ProductAttributeGroupLang (Customizable code) -->

    <!-- region Id (Customizable code) -->
    <id name="Uid" column="Uid" type="Int64" unsaved-value="0" access="field.camelcase">
      <generator class="identity"/>
    </id>
    <!-- endregion Id (Customizable code) -->

    <!-- region Name (Customizable code) -->
    <property name="Name" type="String" not-null="true" access="field.camelcase"/>
    <!-- endregion Name, Required (Customizable code) -->

    <!-- region LangCode (Customizable code) -->
    <property name="LangCode" type="String" not-null="true" access="field.camelcase"/>
    <!-- endregion LangCode, Required (Customizable code) -->

    <!-- region ProdAttrGrp (Customizable code) -->
    <many-to-one name="ProdAttrGrp" class="AgriMore.Logistics.Domain.ProductAttributeGroup, AgriMore.Logistics.Domain" access="field.camelcase">
      <column name="ProdAttrGrpId" />
    </many-to-one>
    <!-- endregion ProdAttrGrp (Customizable code) -->
  </class>
</hibernate-mapping>