﻿<?xml version="1.0" encoding="utf-8" ?>
<hibernate-mapping xmlns="urn:nhibernate-mapping-2.0">
  <!-- region PackageType (Customizable code) -->
  <class name="AgriMore.Logistics.Domain.ProdCommittedRelationshipInfo, AgriMore.Logistics.Domain" table="`ProductSupplyCommittedRelationshipInfo`" lazy="false">
    <cache usage="read-write"/>
    <!-- endregion PackageType (Customizable code) -->

    <!-- region Id (Customizable code) -->
    <id name="Uid" column="Uid" type="Int64" unsaved-value="0" access="field.camelcase">
      <generator class="identity"/>
    </id>
    <!-- endregion Id (Customizable code) -->

    <!-- region Percent, Required (Customizable code) -->
    <property name="Percent" type="Int32" not-null="false" access="field.camelcase"/>
    <!-- endregion Percent, Required (Customizable code) -->

    <!-- region Priority, Required (Customizable code) -->
    <property name="Priority" type="Int32" not-null="false" access="field.camelcase"/>
    <!-- endregion Priority, Required (Customizable code) -->

    <!-- region MinAmount, Required (Customizable code) -->
    <property name="MinAmount" type="Int64" not-null="false" access="field.camelcase"/>
    <!-- endregion MinAmount, Required (Customizable code) -->

    <!-- region FixedAmount, Required (Customizable code) -->
    <property name="FixedAmount" type="Int64" not-null="false" access="field.camelcase"/>
    <!-- endregion FixedAmount, Required (Customizable code) -->

    <!-- region IndicatedPackIds, Required (Customizable code) -->
    <property name="IndicatedPackIds" type="String" not-null="false" access="field.camelcase"/>
    <!-- endregion IndicatedPackIds, Required (Customizable code) -->
  </class>
</hibernate-mapping>