﻿<?xml version="1.0" encoding="utf-8" ?>
<hibernate-mapping xmlns="urn:nhibernate-mapping-2.0">
  <!-- region CategoryTypeCategory (Customizable code) -->
  <class name="AgriMore.Logistics.Domain.ProductRelationship, AgriMore.Logistics.Domain" table="`ProductRelationship`" lazy="false">
    <!-- endregion CategoryTypeCategory (Customizable code) -->

    <!-- region Id (Customizable code) -->
    <id name="Uid" column="Uid" type="Int64" unsaved-value="0" access="field.camelcase">
      <generator class="identity"/>
    </id>
    <!-- endregion Id (Customizable code) -->

    <!-- region Species (Customizable code) -->
    <many-to-one name="Species" class="AgriMore.Logistics.Domain.Species, AgriMore.Logistics.Domain" access="field.camelcase">
      <column name="SpeciesId" />
    </many-to-one>
    <!-- endregion Species (Customizable code) -->

    <!-- region ProdType (Customizable code) -->
    <many-to-one name="ProdType" class="AgriMore.Logistics.Domain.ProdType, AgriMore.Logistics.Domain" access="field.camelcase">
      <column name="ProdTypeId" />
    </many-to-one>
    <!-- endregion ProdType (Customizable code) -->

    <!-- region Color (Customizable code) -->
    <many-to-one name="Color" class="AgriMore.Logistics.Domain.Color, AgriMore.Logistics.Domain" access="field.camelcase">
      <column name="ColorId" />
    </many-to-one>
    <!-- endregion Color (Customizable code) -->

    <!-- region CategoryType (Customizable code) -->
    <many-to-one name="CategoryType" class="AgriMore.Logistics.Domain.CategoryType, AgriMore.Logistics.Domain" access="field.camelcase">
      <column name="CategoryTypeId" />
    </many-to-one>
    <!-- endregion CategoryType (Customizable code) -->

    <!-- region Category (Customizable code) -->
    <many-to-one name="Category" class="AgriMore.Logistics.Domain.Category, AgriMore.Logistics.Domain" access="field.camelcase">
      <column name="CategoryId" />
    </many-to-one>
    <!-- endregion Category (Customizable code) -->
  </class>
</hibernate-mapping>