﻿<?xml version="1.0" encoding="utf-8" ?>
<hibernate-mapping xmlns="urn:nhibernate-mapping-2.0">
  <!-- region ProductFavourites (Customizable code) -->
  <class name="AgriMore.Logistics.Domain.ProductFavourites, AgriMore.Logistics.Domain" table="`ProductFavourites`" lazy="false">
    <!-- endregion ProductFavourites (Customizable code) -->

    <!-- region Id (Customizable code) -->
    <id name="Uid" column="Uid" type="Int64" unsaved-value="0" access="field.camelcase">
      <generator class="identity"/>
    </id>
    <!-- endregion Id (Customizable code) -->

    <!-- region Name (Customizable code) -->
    <property name="Name" type="String" access="field.camelcase"/>
    <!-- endregion Name (Customizable code) -->

    <!-- region Species (Customizable code) -->
    <many-to-one name="Species" class="AgriMore.Logistics.Domain.Species, AgriMore.Logistics.Domain" access="field.camelcase">
      <column name="SpeciesId" />
    </many-to-one>
    <!-- endregion Species (Customizable code) -->

    <!-- region ProdType (Customizable code) -->
    <many-to-one name="ProdType" class="AgriMore.Logistics.Domain.ProdType, AgriMore.Logistics.Domain" access="field.camelcase">
      <column name="ProdTypeId" />
    </many-to-one>
    <!-- endregion ProdType (Customizable code) -->

    <!-- region Color (Customizable code) -->
    <many-to-one name="Color" class="AgriMore.Logistics.Domain.Color, AgriMore.Logistics.Domain" access="field.camelcase">
      <column name="ColorId" />
    </many-to-one>
    <!-- endregion Color (Customizable code) -->

    <!-- region CategoryType (Customizable code) -->
    <many-to-one name="CategoryType" class="AgriMore.Logistics.Domain.CategoryType, AgriMore.Logistics.Domain" access="field.camelcase">
      <column name="CategoryTypeId" />
    </many-to-one>
    <!-- endregion CategoryType (Customizable code) -->

    <!-- region Category (Customizable code) -->
    <many-to-one name="Category" class="AgriMore.Logistics.Domain.Category, AgriMore.Logistics.Domain" access="field.camelcase">
      <column name="CategoryId" />
    </many-to-one>
    <!-- endregion Category (Customizable code) -->

    <!-- region ActualUOM (Customizable code) -->
    <many-to-one name="Uom" class="AgriMore.Logistics.Domain.UnitOfMeasurement, AgriMore.Logistics.Domain" access="field.camelcase">
      <column name="UomId" />
    </many-to-one>
    <!-- region ActualUOM (Customizable code) -->
    
    <!-- region AddressId (Customizable code) -->
    <property name="AddressId" type="Int64" not-null="false" access="field.camelcase"/>
    <!-- endregion AddressId (Customizable code) -->

    <!-- region LocationId (Customizable code) -->
    <property name="LocationId" type="Int64" not-null="false" access="field.camelcase"/>
    <!-- endregion LocationId (Customizable code) -->

    <!-- region Category (Customizable code) -->
    <many-to-one name="Organization" class="AgriMore.Logistics.Domain.Organization, AgriMore.Logistics.Domain" access="field.camelcase">
      <column name="OrgId" />
    </many-to-one>
    <!-- endregion Category (Customizable code) -->

    <!-- region User (Customizable code) -->
    <many-to-one name="CreatedBy" class="AgriMore.Logistics.Domain.User, AgriMore.Logistics.Domain" access="field.camelcase">
      <column name="CreatedBy" />
    </many-to-one>
    <!-- endregion User (Customizable code) -->

    <!-- region FromDate, Required (Customizable code) -->
    <property name="FromDate" type="DateTime" not-null="true" access="field.camelcase"/>
    <!-- endregion FromDate, Required (Customizable code) -->

    <!-- region ToDate, Required (Customizable code) -->
    <property name="ToDate" type="DateTime" not-null="true" access="field.camelcase"/>
    <!-- endregion ToDate, Required (Customizable code) -->
    
    <!-- region AvailablePeriod (Customizable code) -->
    <property name="AvailablePeriod" type="Int32" not-null="false" access="field.camelcase"/>
    <!-- endregion AvailablePeriod (Customizable code) -->

    <!-- region AdditionalAttrs, Composite, Inverse (Customizable code) -->
    <set name="AdditionalAttrs" table="productfavourites_additionalattribute" access="field.camelcase">
      <key>
        <column name="ProdId"/>
      </key>
      <many-to-many class="AgriMore.Logistics.Domain.ProductAttribute, AgriMore.Logistics.Domain">
        <column name="ProdAttrId"/>
      </many-to-many>
    </set>
    <!-- endregion AdditionalAttrs, Composite, Inverse (Customizable code) -->

    <!-- region PackageDefines, Composite, Inverse (Customizable code) -->
    <set name="PackageDefines" table="productfavourites_packagedefine" access="field.camelcase">
      <key>
        <column name="ProdFavId"/>
      </key>
      <many-to-many class="AgriMore.Logistics.Domain.PackagingDefine, AgriMore.Logistics.Domain">
        <column name="PackDefId"/>
      </many-to-many>
    </set>
    <!-- endregion PackageDefines, Composite, Inverse (Customizable code) -->

  </class>
</hibernate-mapping>