﻿<?xml version="1.0" encoding="utf-8" ?>
<hibernate-mapping xmlns="urn:nhibernate-mapping-2.0">
  <!-- region PackageType (Customizable code) -->
  <class name="AgriMore.Logistics.Domain.ProdBuyerReceivedInfo, AgriMore.Logistics.Domain" table="`ProductSupplyBuyerReceivedInfo`" lazy="false">
    <cache usage="read-write"/>
    <!-- endregion PackageType (Customizable code) -->

    <!-- region Id (Customizable code) -->
    <id name="Uid" column="Uid" type="Int64" unsaved-value="0" access="field.camelcase">
      <generator class="identity"/>
    </id>
    <!-- endregion Id (Customizable code) -->

    <!-- region TotalWeight, Required (Customizable code) -->
    <property name="TotalWeight" type="Decimal" not-null="false" access="field.camelcase"/>
    <!-- endregion TotalWeight, Required (Customizable code) -->

    <!-- region PackReceivedInfos (Customizable code) -->
    <set name="PackReceivedInfos" cascade="all-delete-orphan" lazy="true" batch-size="100" access="field.camelcase">
      <cache usage="read-write"/>
      <key>
        <column name="ProdReceivedId" />
      </key>
      <one-to-many class="AgriMore.Logistics.Domain.PackagingBuyerReceivedInfo, AgriMore.Logistics.Domain"/>
    </set>
    <!-- endregion PackReceivedInfos (Customizable code) -->
  </class>
</hibernate-mapping>