﻿<?xml version="1.0" encoding="utf-8" ?>
<hibernate-mapping xmlns="urn:nhibernate-mapping-2.0">
  <!-- region BiddingDefine (Customizable code) -->
  <class name="AgriMore.Logistics.Domain.ProductConfirmed, AgriMore.Logistics.Domain" table="ProductConfirmed" lazy="false">
    <cache usage="read-write"/>
    <!-- endregion BiddingDefine (Customizable code) -->

    <!-- region Id (Customizable code) -->
    <id name="Uid" column="Uid" type="Int64" unsaved-value="0" access="field.camelcase">
      <generator class="identity"/>
    </id>
    <!-- endregion Id (Customizable code) -->

    <!-- region Amount (Customizable code) -->
    <property name="Amount" type="Int64" not-null="true" access="field.camelcase"/>
    <!-- endregion Amount, Required (Customizable code) -->

    <!-- region ActualUOM (Customizable code) -->
    <many-to-one name="Uom" class="AgriMore.Logistics.Domain.UnitOfMeasurement, AgriMore.Logistics.Domain" cascade="save-update" access="field.camelcase">
      <column name="UomId" />
    </many-to-one>
    <!-- region ActualUOM (Customizable code) -->

    <!-- region Price (Customizable code) -->
    <property name="Price" type="Decimal" not-null="true" access="field.camelcase"/>
    <!-- endregion Price, Required (Customizable code) -->

    <!-- region Currency (Customizable code) -->
    <property name="Currency" type="String" not-null="true" access="field.camelcase"/>
    <!-- endregion Currency, Required (Customizable code) -->

    <!-- region ConfirmedDate (Customizable code) -->
    <property name="ConfirmedDate" type="DateTime" access="field.camelcase"/>
    <!-- endregion ConfirmedDate, Required (Customizable code) -->

    <!-- region ProcessType (Customizable code) -->
    <property name="ProcessType" type="Int32" access="field.camelcase"/>
    <!-- endregion ProcessType, Required (Customizable code) -->

    <!-- region ProdIds (Customizable code) -->
    <property name="ProdIds" type="String" access="field.camelcase"/>
    <!-- endregion ProdIds, Required (Customizable code) -->

    <!-- region SallerOrg (Customizable code) -->
    <many-to-one name="SallerOrg" class="AgriMore.Logistics.Domain.Organization, AgriMore.Logistics.Domain" cascade="none" access="field.camelcase">
      <column name="SallerOrgId" />
    </many-to-one>
    <!-- endregion SallerOrg (Customizable code) -->

    <!-- region BuyerOrg (Customizable code) -->
    <many-to-one name="BuyerOrg" class="AgriMore.Logistics.Domain.Organization, AgriMore.Logistics.Domain" cascade="none" access="field.camelcase">
      <column name="BuyerOrgId" />
    </many-to-one>
    <!-- endregion BuyerOrg (Customizable code) -->
  </class>
</hibernate-mapping>