﻿<?xml version="1.0" encoding="utf-8" ?>
<hibernate-mapping xmlns="urn:nhibernate-mapping-2.0">
  <class name="AgriMore.Logistics.Domain.Products4CompositeProduct, AgriMore.Logistics.Domain" table="Products4CompositeProduct" lazy="false">
    <id name="Uid" column="Uid" type="Int64" unsaved-value="0">
      <generator class="identity"/>
    </id>

    <property name="PackageAmount" type="Int64" not-null="false" />
    <property name="Prod4CmpProdFavId" type="Int64" not-null="false" />

    <many-to-one name="PackageType" class="AgriMore.Logistics.Domain.PackagingDefine, AgriMore.Logistics.Domain">
      <column name="PackageId" />
    </many-to-one>

    <many-to-one name="ProductSupply" class="AgriMore.Logistics.Domain.ProductSupplyForecast, AgriMore.Logistics.Domain">
      <column name="ProductId" />
    </many-to-one>

    <many-to-one name="CompositeProd" class="AgriMore.Logistics.Domain.CompositeProductSupply, AgriMore.Logistics.Domain">
      <column name="CompositeProdId" />
    </many-to-one>
  </class>
</hibernate-mapping>