﻿<?xml version="1.0" encoding="utf-8" ?>
<hibernate-mapping xmlns="urn:nhibernate-mapping-2.0">
  <!-- region ProductGroup (Customizable code) -->
  <class name="AgriMore.Logistics.Domain.ProductGroup, AgriMore.Logistics.Domain" table="`ProductGroup`" lazy="false">
    <cache usage="read-write"/>
    <!-- endregion ProductGroup (Customizable code) -->

    <!-- region Id (Customizable code) -->
    <id name="Uid" column="Uid" type="Int64" unsaved-value="0" access="field.camelcase">
      <generator class="identity"/>
    </id>
    <!-- endregion Id (Customizable code) -->

    <!-- region Name, Required (Customizable code) -->
    <property name="Name" type="String" not-null="true" access="field.camelcase"/>
    <!-- endregion Name, Required (Customizable code) -->

    <!-- region Gs1Code, Required (Customizable code) -->
    <property name="Gs1Code" type="String" not-null="false" access="field.camelcase"/>
    <!-- endregion Gs1Code, Required (Customizable code) -->

	  <!-- region LedgerCode, Required (Customizable code) -->
	  <property name="LedgerCode" type="String" not-null="false" access="field.camelcase"/>
	  <!-- endregion LedgerCode, Required (Customizable code) -->

    <!-- region OtherCode, Required (Customizable code) -->
    <property name="OtherCode" type="String" not-null="false" access="field.camelcase"/>
    <!-- endregion OtherCode, Required (Customizable code) -->   
    
    <!-- region Products, Composite, Inverse (Customizable code) -->
    <set name="Products" cascade="none" inverse="true" access="field.camelcase">
      <key>
        <column name="ProdGrpId"/>
      </key>
      <one-to-many class="AgriMore.Logistics.Domain.Species, AgriMore.Logistics.Domain"/>
    </set>
    <!-- endregion Products, Composite, Inverse (Customizable code) -->

    <!-- region ProdGrpLangs, Composite, Inverse (Customizable code) -->
    <set name="ProdGrpLangs" cascade="all-delete-orphan" lazy="false" batch-size="100" inverse="true" access="field.camelcase">
      <cache usage="read-write"/>
      <key>
        <column name="ProdGrpId"/>
      </key>
      <one-to-many class="AgriMore.Logistics.Domain.ProductGroupLang, AgriMore.Logistics.Domain"/>
    </set>
    <!-- endregion ProdGrpLangs, Composite, Inverse (Customizable code) -->
  </class>
</hibernate-mapping>