﻿<?xml version="1.0" encoding="utf-8" ?>
<hibernate-mapping xmlns="urn:nhibernate-mapping-2.0">
  <!-- region ProductAlert (Customizable code) -->
  <class name="AgriMore.Logistics.Domain.ProductAlert, AgriMore.Logistics.Domain" table="ProductAlerts" lazy="false">
    <cache usage="read-write"/>
    <!-- endregion ProductAlert (Customizable code) -->

    <!-- region Id (Customizable code) -->
    <id name="Uid" column="Uid" type="Int64" unsaved-value="0" access="field.camelcase">
      <generator class="identity"/>
    </id>
    <!-- endregion Id (Customizable code) -->

    <!-- region OrgId (Customizable code) -->
    <property name="OrgId" type="String" not-null="true" access="field.camelcase"/>
    <!-- endregion OrgId, Required (Customizable code) -->

    <!-- region FromOrgId (Customizable code) -->
    <property name="FromOrgId" type="String" not-null="true" access="field.camelcase"/>
    <!-- endregion FromOrgId, Required (Customizable code) -->

    <!-- region ProdFrom (Customizable code) -->
    <property name="ProdFrom" type="String" not-null="true" access="field.camelcase"/>
    <!-- endregion ProdFrom, Required (Customizable code) -->

    <!-- region NumProduct (Customizable code) -->
    <property name="NumProduct" type="Int32" not-null="true" access="field.camelcase"/>
    <!-- endregion NumProduct, Required (Customizable code) -->

  </class>
</hibernate-mapping>