﻿<?xml version="1.0" encoding="utf-8" ?>
<hibernate-mapping xmlns="urn:nhibernate-mapping-2.0">
  <!-- region ProductGroupLang (Customizable code) -->
  <class name="AgriMore.Logistics.Domain.ProductGroupLang, AgriMore.Logistics.Domain" table="ProductGroup_Lang" lazy="false">
    <cache usage="read-write"/>
    <!-- endregion ProductGroupLang (Customizable code) -->

    <!-- region Id (Customizable code) -->
    <id name="Uid" column="Uid" type="Int64" unsaved-value="0" access="field.camelcase">
      <generator class="identity"/>
    </id>
    <!-- endregion Id (Customizable code) -->

    <!-- region Name (Customizable code) -->
    <property name="Name" type="String" not-null="true" access="field.camelcase"/>
    <!-- endregion Name, Required (Customizable code) -->

    <!-- region LangCode (Customizable code) -->
    <property name="LangCode" type="String" not-null="true" access="field.camelcase"/>
    <!-- endregion LangCode, Required (Customizable code) -->

    <!-- region ProdGroup (Customizable code) -->
    <many-to-one name="ProdGroup" class="AgriMore.Logistics.Domain.ProductGroup, AgriMore.Logistics.Domain" access="field.camelcase">
      <column name="ProdGrpId" />
    </many-to-one>
    <!-- endregion ProdGroup (Customizable code) -->
  </class>
</hibernate-mapping>