﻿<?xml version="1.0" encoding="utf-8" ?>
<hibernate-mapping xmlns="urn:nhibernate-mapping-2.0">
  <!-- region ProductSupplyForeCast (Customizable code) -->
  <class name="AgriMore.Logistics.Domain.ProductSupplyForecast, AgriMore.Logistics.Domain" table="`ProductSupplyForeCast`" optimistic-lock="version" lazy="false">
    <!-- endregion ProductSupplyForeCast (Customizable code) -->

    <!-- region Id (Customizable code) -->
    <id name="Uid" column="Uid" type="Int64" unsaved-value="0" access="field.camelcase">
      <generator class="identity"/>
    </id>
    <!-- endregion Id (Customizable code) -->

    <version name="Version" column="Version" type="Int32" access="property"/>

    <!-- region ParentId (Customizable code) -->
    <property name="ParentId" type="Int64" not-null="false" access="field.camelcase"/>
    <!-- endregion ParentId (Customizable code) -->

    <!-- region ParentId (Customizable code) -->
    <property name="BarCode" type="String" not-null="false" access="field.camelcase"/>
    <!-- endregion ParentId (Customizable code) -->

    <!-- region QRCode (Customizable code) -->
    <property name="QRCode" type="String" not-null="false" access="field.camelcase"/>
    <!-- endregion QRCode (Customizable code) -->

    <!-- region AvailableDate, Required (Customizable code) -->
    <property name="AvailableDate" type="DateTime" not-null="true" access="field.camelcase"/>
    <!-- endregion AvailableDate, Required (Customizable code) -->

    <!-- region FinalTime, Required (Customizable code) -->
    <property name="FinalTime" type="Int16" not-null="true" access="field.camelcase"/>
    <!-- endregion FinalTime, Required (Customizable code) -->

    <!-- region ExpectedAmount, Required (Customizable code) -->
    <property name="ExpectedAmount" type="Decimal" access="field.camelcase"/>
    <!-- endregion ExpectedAmount, Required (Customizable code) -->

    <!-- region Available For Sale, Required (Customizable code) -->
    <property name="AvailableForSale" type="Decimal" access="field.camelcase"/>
    <!-- endregion Available For Sale, Required (Customizable code) -->

    <!-- region CommitedAmount, Required (Customizable code) -->
    <property name="CommitedAmount" type="Decimal" access="field.camelcase"/>
    <!-- endregion CommitedAmount, Required (Customizable code) -->

    <!-- region ActualAmount (Customizable code) -->
    <property name="ActualAmount" type="Decimal" not-null="false" access="field.camelcase"/>
    <!-- endregion ActualAmount (Customizable code) -->

    <!-- region AmountSoldPacked (Customizable code) -->
    <property name="AmountSoldPacked" type="Decimal" not-null="false" access="field.camelcase"/>
    <!-- endregion AmountSoldPacked (Customizable code) -->

    <!-- region AmountSoldShipped (Customizable code) -->
    <property name="AmountSoldShipped" type="Decimal" not-null="false" access="field.camelcase"/>
    <!-- endregion AmountSoldShipped (Customizable code) -->

    <!-- region Saller Status (Customizable code) -->
    <property name="SellerStatus" type="Int32" access="field.camelcase"/>
    <!-- endregion Saller Status (Customizable code) -->

    <!-- region Seller Perspective (Customizable code) -->
    <property name="SellerPerspective" type="Decimal" not-null="false" access="field.camelcase"/>
    <!-- endregion Seller Perspective (Customizable code) -->

    <!-- region Buyer Status (Customizable code) -->
    <property name="BuyerStatus" type="Int32" access="field.camelcase"/>
    <!-- endregion Status Type (Customizable code) -->

    <!-- region Buyer Perspective (Customizable code) -->
    <property name="BuyerPerspective" type="Decimal" not-null="false" access="field.camelcase"/>
    <!-- endregion Buyer Perspective (Customizable code) -->

    <!-- region DespatchDate, Required (Customizable code) -->
    <property name="DespatchDate" type="DateTime" not-null="true" access="field.camelcase"/>
    <!-- endregion DespatchDate, Required (Customizable code) -->

    <!-- region ReceiptDate, Required (Customizable code) -->
    <property name="ReceiptDate" type="DateTime" not-null="true" access="field.camelcase"/>
    <!-- endregion ReceiptDate, Required (Customizable code) -->

    <!-- region AgreementStartAt (Customizable code) -->
    <property name="AgreementStartAt" type="DateTime" not-null="true" access="field.camelcase"/>
    <!-- endregion AgreementStartAt (Customizable code) -->

    <!-- region AgreementCloseAt (Customizable code) -->
    <property name="AgreementCloseAt" type="DateTime" not-null="true" access="field.camelcase"/>
    <!-- endregion AgreementCloseAt (Customizable code) -->

    <!-- region ActualAmount (Customizable code) -->
    <property name="AvailableToOtherTcs" type="Decimal" not-null="false" access="field.camelcase"/>
    <!-- endregion ActualAmount (Customizable code) -->

    <!-- region TotalDesiredAmount (Customizable code) -->
    <property name="TotalDesiredAmount" type="Decimal" not-null="false" access="field.camelcase"/>
    <!-- endregion TotalDesiredAmount (Customizable code) -->

    <!-- region DutchAuctionAmount (Customizable code) -->
    <property name="DutchAuctionAmount" type="Decimal" not-null="false" access="field.camelcase"/>
    <!-- endregion DutchAuctionAmount (Customizable code) -->

    <!-- region Price (Customizable code) -->
    <property name="Price" type="Decimal" access="field.camelcase"/>
    <!-- endregion Price (Customizable code) -->

    <!-- region FloorPrice (Customizable code) -->
    <property name="FloorPrice" type="Decimal" access="field.camelcase"/>
    <!-- endregion FloorPrice (Customizable code) -->

    <!-- region AskingPrice (Customizable code) -->
    <property name="AskingPrice" type="Decimal" access="field.camelcase"/>
    <!-- endregion AskingPrice (Customizable code) -->

    <!-- region PackPrice (Customizable code) -->
    <property name="PackPrice" type="Decimal" access="field.camelcase"/>
    <!-- endregion PackPrice (Customizable code) -->

    <!-- region PackFloorPrice (Customizable code) -->
    <property name="PackFloorPrice" type="Decimal" access="field.camelcase"/>
    <!-- endregion PackFloorPrice (Customizable code) -->

    <!-- region PackAskingPrice (Customizable code) -->
    <property name="PackAskingPrice" type="Decimal" access="field.camelcase"/>
    <!-- endregion PackAskingPrice (Customizable code) -->

    <!-- region AvailablePackAmount (Customizable code) -->
    <property name="AvailablePackAmount" type="Decimal" access="field.camelcase"/>
    <!-- endregion AvailablePackAmount (Customizable code) -->

    <!-- region EvalOfferType (Customizable code) -->
    <property name="EvalOfferType" type="Int32" access="field.camelcase"/>
    <!-- endregion EvalOfferType (Customizable code) -->

    <!-- region Currency (Customizable code) -->
    <property name="Currency" type="string" access="field.camelcase"/>
    <!-- endregion Currency (Customizable code) -->

    <!-- region ProcessWon (Customizable code) -->
    <property name="WonInProcess" type="string" access="field.camelcase"/>
    <!-- endregion ProcessWon (Customizable code) -->

    <!-- region Remarks (Customizable code) -->
    <property name="Remarks" type="string" access="field.camelcase"/>
    <!-- endregion Remarks (Customizable code) -->

    <!-- region Production Area (Customizable code) -->
    <property name="ProductionArea" type="string" access="field.camelcase"/>
    <!-- endregion Production Area (Customizable code) -->

    <!-- region AddressId (Customizable code) -->
    <property name="AddressId" type="Int64" not-null="false" access="field.camelcase"/>
    <!-- endregion AddressId (Customizable code) -->

    <!-- region LocationId (Customizable code) -->
    <property name="LocationId" type="Int64" not-null="false" access="field.camelcase"/>
    <!-- endregion LocationId (Customizable code) -->

    <!-- region Status Type (Customizable code) -->
    <property name="StatusType" type="Int32" access="field.camelcase"/>
    <!-- endregion Status Type (Customizable code) -->

    <!-- region Sale Period Type (Customizable code) -->
    <property name="SalePeriodType" type="Int32" access="field.camelcase"/>
    <!-- endregion Sale Period Type (Customizable code) -->

    <!-- region Purchase Organization Id (Customizable code) -->
    <property name="PurchaseOrgId" type="string" access="field.camelcase"/>
    <!-- endregion Purchase Organization Id (Customizable code) -->

    <!-- region IsInCmtRelationship (Customizable code) -->
    <property name="IsInCmtRelationship" type="Boolean" not-null="false" access="field.camelcase"/>
    <!-- endregion IsInCmtRelationship (Customizable code) -->

    <property name="ServiceProviderId" type="string" access="field.camelcase"/>

    <!-- region ActualUOM (Customizable code) -->
    <many-to-one name="Uom" class="AgriMore.Logistics.Domain.UnitOfMeasurement, AgriMore.Logistics.Domain" access="field.camelcase">
      <column name="UomId" />
    </many-to-one>
    <!-- region ActualUOM (Customizable code) -->

    <!-- region Package (Customizable code) -->
    <many-to-one name="Package" class="AgriMore.Logistics.Domain.PackagingDefine, AgriMore.Logistics.Domain" access="field.camelcase">
      <column name="PackagedId" />
    </many-to-one>
    <!-- region Package (Customizable code) -->

    <!-- region CmtRltInfo (Customizable code) -->
    <many-to-one name="CmtRltInfo" class="AgriMore.Logistics.Domain.ProdCommittedRelationshipInfo, AgriMore.Logistics.Domain" access="field.camelcase">
      <column name="CmtRltInfoId" />
    </many-to-one>
    <!-- region CmtRltInfo (Customizable code) -->

    <!-- region Species (Customizable code) -->
    <many-to-one name="Species" class="AgriMore.Logistics.Domain.Species, AgriMore.Logistics.Domain" access="field.camelcase">
      <column name="SpeciesId" />
    </many-to-one>
    <!-- endregion Species (Customizable code) -->

    <!-- region ProdType (Customizable code) -->
    <many-to-one name="ProdType" class="AgriMore.Logistics.Domain.ProdType, AgriMore.Logistics.Domain" access="field.camelcase">
      <column name="ProdTypeId" />
    </many-to-one>
    <!-- endregion ProdType (Customizable code) -->

    <!-- region Color (Customizable code) -->
    <many-to-one name="Color" class="AgriMore.Logistics.Domain.Color, AgriMore.Logistics.Domain" access="field.camelcase">
      <column name="ColorId" />
    </many-to-one>
    <!-- endregion Color (Customizable code) -->

    <!-- region CategoryType (Customizable code) -->
    <many-to-one name="CategoryType" class="AgriMore.Logistics.Domain.CategoryType, AgriMore.Logistics.Domain" access="field.camelcase">
      <column name="CategoryTypeId" />
    </many-to-one>
    <!-- endregion CategoryType (Customizable code) -->

    <!-- region Category (Customizable code) -->
    <many-to-one name="Category" class="AgriMore.Logistics.Domain.Category, AgriMore.Logistics.Domain" access="field.camelcase">
      <column name="CategoryId" />
    </many-to-one>
    <!-- endregion Category (Customizable code) -->

    <!-- region User (Customizable code) -->
    <many-to-one name="User" class="AgriMore.Logistics.Domain.User, AgriMore.Logistics.Domain" access="field.camelcase">
      <column name="UserId" />
    </many-to-one>
    <!-- endregion User (Customizable code) -->

    <!-- region Organization (Customizable code) -->
    <many-to-one name="Organization" class="AgriMore.Logistics.Domain.Organization, AgriMore.Logistics.Domain" access="field.camelcase">
      <column name="OrgId" />
    </many-to-one>
    <!-- endregion Organization (Customizable code) -->

    <!-- region SalesOrganization (Customizable code) -->
    <many-to-one name="SalesOrganization" class="AgriMore.Logistics.Domain.Organization, AgriMore.Logistics.Domain" access="field.camelcase">
      <column name="SalesOrgId" />
    </many-to-one>
    <!-- endregion SalesOrganization (Customizable code) -->

    <!-- region Nice2DoId (Customizable code) -->
    <property name="Nice2DoId" type="Int64" not-null="false" access="field.camelcase"/>
    <!-- endregion Nice2DoId (Customizable code) -->

    <!-- region ProductFavId (Customizable code) -->
    <property name="ProductFavId" type="Int64" not-null="false" access="field.camelcase"/>
    <!-- endregion ProductFavId (Customizable code) -->

    <!-- region ShipmentId (Customizable code) -->
    <property name="ShipmentId" type="Int64" not-null="false" access="field.camelcase"/>
    <!-- endregion ShipmentId (Customizable code) -->

    <!-- region DebitInvoiceId (Customizable code) -->
    <property name="DebitInvoiceId" type="Int64" not-null="false" access="field.camelcase"/>
    <!-- endregion DebitInvoiceId (Customizable code) -->

    <!-- region SoldInvoicedAmount (Customizable code) -->
    <property name="SoldInvoicedAmount" type="Decimal" not-null="false" access="field.camelcase"/>
    <!-- endregion SoldInvoicedAmount (Customizable code) -->

    <!-- region CreditInvoiceId (Customizable code) -->
    <property name="CreditInvoiceId" type="Int64" not-null="false" access="field.camelcase"/>
    <!-- endregion CreditInvoiceId (Customizable code) -->

    <!-- region BoughtInvoicedAmount (Customizable code) -->
    <property name="BoughtInvoicedAmount" type="Decimal" not-null="false" access="field.camelcase"/>
    <!-- endregion BoughtInvoicedAmount (Customizable code) -->

    <!-- region DebitVat (Customizable code) -->
    <property name="DebitVat" type="Int32" not-null="false" access="field.camelcase"/>
    <!-- endregion DebitVat (Customizable code) -->

    <!-- region DebitVatText (Customizable code) -->
    <property name="DebitVatText" type="string" not-null="false" access="field.camelcase"/>
    <!-- endregion DebitVatText (Customizable code) -->

    <!-- region CreditVat (Customizable code) -->
    <property name="CreditVat" type="Int32" not-null="false" access="field.camelcase"/>
    <!-- endregion CreditVat (Customizable code) -->

    <!-- region CreditVatText (Customizable code) -->
    <property name="CreditVatText" type="string" not-null="false" access="field.camelcase"/>
    <!-- endregion CreditVatText (Customizable code) -->

    <!-- region IsForCorrection (Customizable code) -->
    <property name="IsForCorrection" type="Boolean" not-null="false" access="field.camelcase"/>
    <!-- endregion IsForCorrection (Customizable code) -->

    <!-- region BuyerRefOne (Customizable code) -->
    <property name="BuyerRefOne" type="string" not-null="false" access="field.camelcase"/>
    <!-- endregion BuyerRefOne (Customizable code) -->

    <!-- region BuyerRefTwo (Customizable code) -->
    <property name="BuyerRefTwo" type="string" not-null="false" access="field.camelcase"/>
    <!-- endregion BuyerRefTwo (Customizable code) -->

    <!-- region SellerRefOne (Customizable code) -->
    <property name="SellerRefOne" type="string" not-null="false" access="field.camelcase"/>
    <!-- endregion SellerRefOne (Customizable code) -->

    <!-- region SellerRefTwo (Customizable code) -->
    <property name="SellerRefTwo" type="string" not-null="false" access="field.camelcase"/>
    <!-- endregion SellerRefTwo (Customizable code) -->

    <!-- region ProducerRefOne (Customizable code) -->
    <property name="ProducerRefOne" type="string" not-null="false" access="field.camelcase"/>
    <!-- endregion ProducerRefOne (Customizable code) -->

    <!-- region ProducerRefTwo (Customizable code) -->
    <property name="ProducerRefTwo" type="string" not-null="false" access="field.camelcase"/>
    <!-- endregion ProducerRefTwo (Customizable code) -->

    <!-- region PackingSlip (Customizable code) -->
    <property name="PackingSlip" type="string" not-null="false" access="field.camelcase"/>
    <!-- endregion PackingSlip (Customizable code) -->

    <!-- region IsBoughtSameReceived (Customizable code) -->
    <property name="IsBoughtSameReceived" type="Boolean" not-null="false" access="field.camelcase"/>
    <!-- endregion IsBoughtSameReceived (Customizable code) -->

    <!-- region CmtRltInfo (Customizable code) -->
    <many-to-one name="BuyerReceivedInfo" class="AgriMore.Logistics.Domain.ProdBuyerReceivedInfo, AgriMore.Logistics.Domain" access="field.camelcase">
      <column name="BuyerReceivedInfoId" />
    </many-to-one>
    <!-- region CmtRltInfo (Customizable code) -->

    <!-- region DemandToTCs (Customizable code) -->
    <set name="AvailableToTCs" table="AvailableToTradingCorp" lazy="true" batch-size="100" access="field.camelcase">
      <key>
        <column name="PrdSupplyId"/>
      </key>
      <many-to-many class="AgriMore.Logistics.Domain.Organization, AgriMore.Logistics.Domain">
        <column name="Available2TcId"/>
      </many-to-many>
    </set>
    <!-- endregion DemandToTCs (Customizable code) -->

    <!-- region AdditionalAttrs, Composite, Inverse (Customizable code) -->
    <set name="AdditionalAttrs" table="ProductSupply_AdditionalAttr" access="field.camelcase">
      <key>
        <column name="ProdSupId"/>
      </key>
      <many-to-many class="AgriMore.Logistics.Domain.ProductAttribute, AgriMore.Logistics.Domain">
        <column name="AdtAttrId"/>
      </many-to-many>
    </set>
    <!-- endregion AdditionalAttrs, Composite, Inverse (Customizable code) -->

    <property name="Quantity" column="Quantity" type="Int32" not-null="false" />
    <property name="IsPackedByChain" column="IsPackedByChain" type="Boolean" not-null="false" />
    <property name="IsDecomposed" column="IsDecomposed" type="Boolean" not-null="false" />
    <property name="DecomposeDebitInvIds" column="DecomposeDebitInvIds" type="String" not-null="false" />
    <property name="DecomposeCreditInvIds" column="DecomposeCreditInvIds" type="String" not-null="false" />
    <property name="DecomposeDebitInvGenerated" column="DecomposeDebitInvGenerated" type="Boolean" not-null="false" />
    <property name="DecomposeCreditInvGenerated" column="DecomposeCreditInvGenerated" type="Boolean" not-null="false" />
  </class>
</hibernate-mapping>