﻿<?xml version="1.0" encoding="utf-8" ?>
<hibernate-mapping xmlns="urn:nhibernate-mapping-2.0">
  <class name="AgriMore.Logistics.Domain.QualityDocumentUpload, AgriMore.Logistics.Domain" table="qualitydocumentupload" lazy="false">
    <id name="Uid" column="Uid" type="Int64" unsaved-value="0">
      <generator class="identity"/>
    </id>

    <property name="Name" type="String" not-null="true" />    
    <property name="Filename" type="String" />  
    <property name="StoreLocation" type="String" />
    <property name="FromDateTime" type="DateTime" />
    <property name="ToDateTime" type="DateTime" />
    <property name="OrgId" type="String" not-null="true" />
    <property name="LocationId" type="Int64" not-null="true" />
  </class>
</hibernate-mapping>