﻿<?xml version="1.0" encoding="utf-8" ?>
<hibernate-mapping xmlns="urn:nhibernate-mapping-2.0">
  <!-- region PackageType (Customizable code) -->
  <class name="AgriMore.Logistics.Domain.ReverseAuction, AgriMore.Logistics.Domain" table="`ReverseAuction`" lazy="false">
    <cache usage="read-write"/>
    <!-- endregion PackageType (Customizable code) -->

    <!-- region Id (Customizable code) -->
    <id name="Uid" column="Uid" type="Int64" unsaved-value="0" access="field.camelcase">
      <generator class="identity"/>
    </id>
    <!-- endregion Id (Customizable code) -->

    <!-- region Amount, Required (Customizable code) -->
    <property name="Amount" type="Int64" access="field.camelcase"/>
    <!-- endregion Amount, Required (Customizable code) -->

    <!-- region ActualUOM (Customizable code) -->
    <many-to-one name="Uom" class="AgriMore.Logistics.Domain.UnitOfMeasurement, AgriMore.Logistics.Domain" access="field.camelcase">
      <column name="UomId" />
    </many-to-one>
    <!-- region ActualUOM (Customizable code) -->

    <!-- region MaxPrice (Customizable code) -->
    <property name="MaxPrice" type="Decimal" access="field.camelcase"/>
    <!-- endregion MaxPrice (Customizable code) -->

    <!-- region MinPrice (Customizable code) -->
    <property name="MinPrice" type="Decimal" access="field.camelcase"/>
    <!-- endregion MinPrice (Customizable code) -->

    <!-- region WonPrice (Customizable code) -->
    <property name="WonPrice" type="Decimal" access="field.camelcase"/>
    <!-- endregion WonPrice (Customizable code) -->

    <!-- region Currency (Customizable code) -->
    <property name="Currency" type="string" access="field.camelcase"/>
    <!-- endregion Currency (Customizable code) -->

    <!-- region IsMatched (Customizable code) -->
    <property name="IsMatched" type="Boolean" access="field.camelcase"/>
    <!-- endregion IsMatched (Customizable code) -->

    <!-- region MatchedProdId (Customizable code) -->
    <property name="MatchedProdId" type="Int64" access="field.camelcase"/>
    <!-- endregion MatchedProdId (Customizable code) -->

    <!-- region PurchaseFrom, Required (Customizable code) -->
    <property name="PurchaseFrom" type="DateTime" access="field.camelcase"/>
    <!-- endregion PurchaseFrom, Required (Customizable code) -->

    <!-- region PurchaseTo, Required (Customizable code) -->
    <property name="PurchaseTo" type="DateTime" access="field.camelcase"/>
    <!-- endregion PurchaseTo, Required (Customizable code) -->

    <!-- region AuctionStartAt (Customizable code) -->
    <property name="AuctionStartAt" type="DateTime" not-null="true" access="field.camelcase"/>
    <!-- endregion AuctionStartAt (Customizable code) -->

    <!-- region AuctionCloseAt (Customizable code) -->
    <property name="AuctionCloseAt" type="DateTime" not-null="true" access="field.camelcase"/>
    <!-- endregion AuctionCloseAt (Customizable code) -->

    <!-- region ClockRunningTime, Required (Customizable code) -->
    <property name="ClockRunningTime" type="Int32" access="field.camelcase"/>
    <!-- endregion ClockRunningTime, Required (Customizable code) -->

    <!-- region BuyerUid (Customizable code) -->
    <property name="BuyerUid" type="string" access="field.camelcase"/>
    <!-- endregion BuyerUid (Customizable code) -->

    <!-- region SellerWonId (Customizable code) -->
    <property name="SellerWonId" type="string" access="field.camelcase"/>
    <!-- endregion SellerWonId (Customizable code) -->

    <!-- region UpdatedAt, Required (Customizable code) -->
    <property name="UpdatedAt" type="DateTime" access="field.camelcase"/>
    <!-- endregion UpdatedAt, Required (Customizable code) -->

    <!-- region PlanningId (Customizable code) -->
    <property name="PlanningId" type="Int64" access="field.camelcase"/>
    <!-- endregion PlanningId (Customizable code) -->

    <!-- region IssuedSeq (Customizable code) -->
    <property name="IssuedSeq" type="Int64" access="field.camelcase"/>
    <!-- endregion IssuedSeq (Customizable code) -->

    <!-- region ProdFavs (Customizable code) -->
    <set name="ProdFavs" table="BiddingPurchase_ProductFavourite" lazy="true" batch-size="100" access="field.camelcase">
      <key>
        <column name="BiddingPurchaseId"/>
      </key>
      <many-to-many class="AgriMore.Logistics.Domain.ProductFavourites, AgriMore.Logistics.Domain">
        <column name="ProdFavId"/>
      </many-to-many>
    </set>
    <!--  endregion ProdFavs, Composite (Customizable code)  -->

    <!-- region Sellers (Customizable code) -->
    <set name="Sellers" table="BiddingPurchase_Seller" lazy="true" batch-size="100" access="field.camelcase">
      <key>
        <column name="BiddingPurchaseId"/>
      </key>
      <many-to-many class="AgriMore.Logistics.Domain.Organization, AgriMore.Logistics.Domain">
        <column name="SellerId"/>
      </many-to-many>
    </set>
    <!-- endregion Sellers (Customizable code) -->

    <!-- region Suppliers (Customizable code) -->
    <set name="Suppliers" table="BiddingPurchase_Supplier" lazy="true" batch-size="100" access="field.camelcase">
      <key>
        <column name="BiddingPurchaseId"/>
      </key>
      <many-to-many class="AgriMore.Logistics.Domain.Organization, AgriMore.Logistics.Domain">
        <column name="SupplierId"/>
      </many-to-many>
    </set>
    <!-- endregion Suppliers (Customizable code) -->

    <!-- region IdtPackagings (Customizable code) -->
    <set name="IdtPackagings" table="BiddingPurchase_Packaging" cascade="none" lazy="true" batch-size="100" access="field.camelcase">
      <key>
        <column name="BiddingPurchaseId"/>
      </key>
      <many-to-many class="AgriMore.Logistics.Domain.PackagingDefine, AgriMore.Logistics.Domain">
        <column name="PackId"/>
      </many-to-many>
    </set>
    <!-- endregion IdtPackagings (Customizable code) -->
  </class>
</hibernate-mapping>