﻿<?xml version="1.0" encoding="utf-8" ?>
<hibernate-mapping xmlns="urn:nhibernate-mapping-2.0">
  <!-- region PackageType (Customizable code) -->
  <class name="AgriMore.Logistics.Domain.ReverseAuctionSellerBidded, AgriMore.Logistics.Domain" table="`ReverseAuction_SellerBidded`" lazy="false">
    <cache usage="read-write"/>
    <!-- endregion PackageType (Customizable code) -->

    <!-- region Id (Customizable code) -->
    <id name="Uid" column="Uid" type="Int64" unsaved-value="0" access="field.camelcase">
      <generator class="identity"/>
    </id>
    <!-- endregion Id (Customizable code) -->

    <!-- region BiddingPrice (Customizable code) -->
    <property name="BiddingPrice" type="Decimal" access="field.camelcase"/>
    <!-- endregion BiddingPrice (Customizable code) -->

    <!-- region Currency (Customizable code) -->
    <property name="Currency" type="string" access="field.camelcase"/>
    <!-- endregion Currency (Customizable code) -->

    <!-- region BiddingAt (Customizable code) -->
    <property name="BiddingAt" type="DateTime" not-null="true" access="field.camelcase"/>
    <!-- endregion BiddingAt (Customizable code) -->

    <!-- region SellerId (Customizable code) -->
    <property name="SellerId" type="string" access="field.camelcase"/>
    <!-- endregion SellerId (Customizable code) -->

    <!-- region RvsAuction (Customizable code) -->
    <many-to-one name="RvsAuction" class="AgriMore.Logistics.Domain.ReverseAuction, AgriMore.Logistics.Domain" access="field.camelcase">
      <column name="RvsAuctionId" />
    </many-to-one>
    <!-- region RvsAuction (Customizable code) -->
  </class>
</hibernate-mapping>