﻿<?xml version="1.0" encoding="utf-8" ?>
<hibernate-mapping xmlns="urn:nhibernate-mapping-2.0">
  <!-- region PackageType (Customizable code) -->
  <class name="AgriMore.Logistics.Domain.ShipmentList, AgriMore.Logistics.Domain" table="`ShipmentLists`" lazy="false">
    <cache usage="read-write"/>
    <!-- endregion PackageType (Customizable code) -->

    <!-- region Id (Customizable code) -->
    <id name="Uid" column="Uid" type="Int64" unsaved-value="0" access="field.camelcase">
      <generator class="identity"/>
    </id>
    <!-- endregion Id (Customizable code) -->

    <!-- region Name, Required (Customizable code) -->
    <property name="Name" type="String" access="field.camelcase"/>
    <!-- endregion Name, Required (Customizable code) -->

    <!-- region ShipmentProdIds, Required (Customizable code) -->
    <property name="ShipmentProdIds" type="String" not-null="true" access="field.camelcase"/>
    <!-- endregion ShipmentProdIds, Required (Customizable code) -->

    <!-- region ShipmentFile, Required (Customizable code) -->
    <property name="ShipmentFile" type="String" not-null="false" access="field.camelcase"/>
    <!-- endregion ShipmentFile, Required (Customizable code) -->

    <!-- region ProdFromDate, Required (Customizable code) -->
    <property name="ProdFromDate" type="DateTime" access="field.camelcase"/>
    <!-- endregion ProdFromDate, Required (Customizable code) -->

    <!-- region ProdToDate, Required (Customizable code) -->
    <property name="ProdToDate" type="DateTime" access="field.camelcase"/>
    <!-- endregion ProdToDate, Required (Customizable code) -->

    <!-- region CreatedAt, Required (Customizable code) -->
    <property name="CreatedAt" type="DateTime" access="field.camelcase"/>
    <!-- endregion CreatedAt, Required (Customizable code) -->

    <!-- region CreatedBy, Required (Customizable code) -->
    <property name="CreatedBy" type="String" not-null="true" access="field.camelcase"/>
    <!-- endregion CreatedBy, Required (Customizable code) -->

    <property name="LoadingAdviceDocName" type="String" access="field.camelcase"/>

    <property name="LoadingAdviceDocPath" type="String" access="field.camelcase"/>
    
    
    <!--  region CommittedRltItems, Composite (Customizable code)  -->
    <set name="ShipmentItems" cascade="all-delete-orphan" lazy="true" batch-size="100" access="field.camelcase">
      <key>
        <column name="ShipmentId"/>
      </key>
      <one-to-many class="AgriMore.Logistics.Domain.ShipmentItem, AgriMore.Logistics.Domain"/>
    </set>
    <!--  endregion CommittedRltItems, Composite (Customizable code)  -->
  </class>
</hibernate-mapping>