﻿<?xml version="1.0" encoding="utf-8" ?>
<hibernate-mapping xmlns="urn:nhibernate-mapping-2.0">
  <class name="AgriMore.Logistics.Domain.ShipmentItem4CompositeProd, AgriMore.Logistics.Domain" table="ShipmentItem4CompositeProd" lazy="false">
    <id name="Uid" column="Uid" type="Int64" unsaved-value="0">
      <generator class="identity"/>
    </id>

    <property name="CompositeProdIds" type="String" not-null="false" />
    <property name="DispatchProdUids" type="String" not-null="false" />

    <many-to-one name="Seller" class="AgriMore.Logistics.Domain.Organization, AgriMore.Logistics.Domain">
      <column name="SellerId"  not-null="true"/>
    </many-to-one>

    <many-to-one name="Buyer" class="AgriMore.Logistics.Domain.Organization, AgriMore.Logistics.Domain">
      <column name="BuyerId"  not-null="true"/>
    </many-to-one>

    <many-to-one name="ShipmentList" class="AgriMore.Logistics.Domain.ShipmentList4CompositeProd, AgriMore.Logistics.Domain">
      <column name="CompositeProdShipmentListId"  not-null="true" />
    </many-to-one>
  </class>
</hibernate-mapping>