﻿<?xml version="1.0" encoding="utf-8" ?>
<hibernate-mapping xmlns="urn:nhibernate-mapping-2.0">
  <!-- region PackageType (Customizable code) -->
  <class name="AgriMore.Logistics.Domain.ShipmentItem, AgriMore.Logistics.Domain" table="`ShipmentItems`" lazy="false">
    <cache usage="read-write"/>
    <!-- endregion PackageType (Customizable code) -->

    <!-- region Id (Customizable code) -->
    <id name="Uid" column="Uid" type="Int64" unsaved-value="0" access="field.camelcase">
      <generator class="identity"/>
    </id>
    <!-- endregion Id (Customizable code) -->

    <!-- region Product, Required, Indexed (Customizable code) -->
    <many-to-one name="Product" class="AgriMore.Logistics.Domain.Species, AgriMore.Logistics.Domain" access="field.camelcase">
      <column name="ProductId"  not-null="true"/>
    </many-to-one>
    <!-- endregion Product, Required, Indexed (Customizable code) -->

    <!-- region Grower, Required, Indexed (Customizable code) -->
    <many-to-one name="Grower" class="AgriMore.Logistics.Domain.Organization, AgriMore.Logistics.Domain" access="field.camelcase">
      <column name="GrowerId"  not-null="true"/>
    </many-to-one>
    <!-- endregion Grower, Required, Indexed (Customizable code) -->

    <!-- region AddressId, Required (Customizable code) -->
    <property name="AddressId" type="Int64" access="field.camelcase"/>
    <!-- endregion AddressId, Required (Customizable code) -->

    <!-- region LocationId, Required (Customizable code) -->
    <property name="LocationId" type="Int64" access="field.camelcase"/>
    <!-- endregion LocationId, Required (Customizable code) -->

    <!-- region Grower, Required, Indexed (Customizable code) -->
    <many-to-one name="Buyer" class="AgriMore.Logistics.Domain.Organization, AgriMore.Logistics.Domain" access="field.camelcase">
      <column name="BuyerId"  not-null="true"/>
    </many-to-one>
    <!-- endregion Grower, Required, Indexed (Customizable code) -->

    <!-- region DispatchUids, Required (Customizable code) -->
    <property name="DispatchUids" type="String" access="field.camelcase"/>
    <!-- endregion DispatchUids, Required (Customizable code) -->

    <!-- region ShipmentList, Required, Indexed (Customizable code) -->
    <many-to-one name="ShipmentList" class="AgriMore.Logistics.Domain.ShipmentList, AgriMore.Logistics.Domain" access="field.camelcase">
      <column name="ShipmentId"  not-null="true" />
    </many-to-one>
    <!-- endregion ShipmentList, Required, Indexed (Customizable code) -->
  </class>
</hibernate-mapping>