﻿<?xml version="1.0" encoding="utf-8" ?>
<hibernate-mapping xmlns="urn:nhibernate-mapping-2.0">
  <class name="AgriMore.Logistics.Domain.ShipmentList4CompositeProd, AgriMore.Logistics.Domain" table="ShipmentList4CompositeProd" lazy="false">
    <id name="Uid" column="Uid" type="Int64" unsaved-value="0">
      <generator class="identity"/>
    </id>

    <property name="ProductFromDate" type="DateTime" not-null="false" />
    <property name="ProductToDate" type="DateTime" not-null="false" />
    <property name="CompositeProdIds" type="String" not-null="false" />
    <property name="ShipmentFile" type="String" not-null="false" />
    <property name="CreatedAt" type="DateTime" not-null="false" />
    <property name="CreatedBy" type="String" not-null="false" />

    <bag name="ShipmentItems" cascade="all-delete-orphan" lazy="true" batch-size="100" access="field.camelcase" inverse="true">
      <key>
        <column name="CompositeProdShipmentListId"/>
      </key>
      <one-to-many class="AgriMore.Logistics.Domain.ShipmentItem4CompositeProd, AgriMore.Logistics.Domain"/>
    </bag>
  </class>
</hibernate-mapping>