﻿<?xml version="1.0" encoding="utf-8" ?>
<hibernate-mapping xmlns="urn:nhibernate-mapping-2.0">
  <!-- region SpeciesColorCategoryType (Customizable code) -->
  <class name="AgriMore.Logistics.Domain.SpeciesColorCategoryType, AgriMore.Logistics.Domain" table="`SpeciesColorCategoryType`" lazy="false">
    <!-- endregion SpeciesColorCategoryType (Customizable code) -->

    <!-- region Id (Customizable code) -->
    <id name="Uid" column="Uid" type="Int64" unsaved-value="0" access="field.camelcase">
      <generator class="identity"/>
    </id>
    <!-- endregion Id (Customizable code) -->

    <!-- region Species (Customizable code) -->
    <many-to-one name="Species" class="AgriMore.Logistics.Domain.Species, AgriMore.Logistics.Domain" cascade="save-update" access="field.camelcase">
      <column name="SpeciesId" />
    </many-to-one>
    <!-- endregion Species (Customizable code) -->

    <!-- region Color (Customizable code) -->
    <many-to-one name="Color" class="AgriMore.Logistics.Domain.Color, AgriMore.Logistics.Domain" cascade="save-update" access="field.camelcase">
      <column name="ColorId" />
    </many-to-one>
    <!-- endregion Color (Customizable code) -->

    <!-- region CategoryType (Customizable code) -->
    <many-to-one name="CategoryType" class="AgriMore.Logistics.Domain.CategoryType, AgriMore.Logistics.Domain" cascade="save-update" access="field.camelcase">
      <column name="CategoryTypeId" />
    </many-to-one>
    <!-- endregion CategoryType (Customizable code) -->
  </class>
</hibernate-mapping>