﻿<?xml version="1.0" encoding="utf-8" ?>
<hibernate-mapping xmlns="urn:nhibernate-mapping-2.0">
  <!-- region Species (Customizable code) -->
  <class name="AgriMore.Logistics.Domain.SpecificDemand, AgriMore.Logistics.Domain" table="`SpecificDemand`" lazy="false">
    <cache usage="read-write"/>
    <!-- endregion Species (Customizable code) -->

    <!-- region Id (Customizable code) -->
    <id name="Uid" column="Uid" type="Int64" unsaved-value="0" access="field.camelcase">
      <generator class="identity"/>
    </id>
    <!-- endregion Id (Customizable code) -->

    <!-- region TcDemand, Required (Customizable code) -->
    <many-to-one name="TcDemand" class="AgriMore.Logistics.Domain.Organization, AgriMore.Logistics.Domain" cascade="none" access="field.camelcase">
      <column name="TcDemandId"  not-null="true"/>
    </many-to-one>
    <!-- endregion TcDemand, Required (Customizable code) -->

    <!-- region Product, Required (Customizable code) -->
    <many-to-one name="Product" class="AgriMore.Logistics.Domain.Species, AgriMore.Logistics.Domain" cascade="save-update" access="field.camelcase">
      <column name="ProductId"  not-null="true"/>
    </many-to-one>
    <!-- endregion Product, Required (Customizable code) -->

    <!-- region Color, Required (Customizable code) -->
    <many-to-one name="Color" class="AgriMore.Logistics.Domain.Color, AgriMore.Logistics.Domain" cascade="save-update" access="field.camelcase">
      <column name="ColorId"  not-null="true"/>
    </many-to-one>
    <!-- endregion Color, Required (Customizable code) -->

    <!-- region CatType, Required (Customizable code) -->
    <many-to-one name="CatType" class="AgriMore.Logistics.Domain.CategoryType, AgriMore.Logistics.Domain" cascade="save-update" access="field.camelcase">
      <column name="CatTypeId"  not-null="true"/>
    </many-to-one>
    <!-- endregion CatType, Required (Customizable code) -->

    <!-- region CatType, Required (Customizable code) -->
    <many-to-one name="Category" class="AgriMore.Logistics.Domain.Category, AgriMore.Logistics.Domain" cascade="save-update" access="field.camelcase">
      <column name="CategoryId"  not-null="true"/>
    </many-to-one>
    <!-- endregion Category, Required (Customizable code) -->

    <!-- region FromDate (Customizable code) -->
    <property name="FromDate" type="DateTime" not-null="true" access="field.camelcase"/>
    <!-- endregion FromDate, Required (Customizable code) -->

    <!-- region ToDate (Customizable code) -->
    <property name="ToDate" type="DateTime" not-null="true" access="field.camelcase"/>
    <!-- endregion ToDate, Required (Customizable code) -->

    <!-- region Amount (Customizable code) -->
    <property name="Amount" type="Int64" access="field.camelcase"/>
    <!-- endregion Amount, Required (Customizable code) -->

    <!-- region UoM, Required (Customizable code) -->
    <many-to-one name="UoM" class="AgriMore.Logistics.Domain.UnitOfMeasurement, AgriMore.Logistics.Domain" cascade="save-update" access="field.camelcase">
      <column name="UoMId" not-null="true"/>
    </many-to-one>

    <!-- region Price (Customizable code) -->
    <property name="Price" type="Decimal" access="field.camelcase"/>
    <!-- endregion Price (Customizable code) -->

    <!-- region Currency (Customizable code) -->
    <property name="Currency" type="String" access="field.camelcase"/>
    <!-- endregion Currency (Customizable code) -->

    <!-- region CreatedDate (Customizable code) -->
    <property name="CreatedDate" type="DateTime" not-null="true" insert="false" access="field.camelcase"/>
    <!-- endregion CreatedDate, Required (Customizable code) -->

    <!-- region DemandToTCs (Customizable code) -->
    <set name="DemandToTCs" table="DemandToTradingCorp" cascade="none" lazy="true" batch-size="100" access="field.camelcase">
      <key>
        <column name="SpecificDemandId"/>
      </key>
      <many-to-many class="AgriMore.Logistics.Domain.Organization, AgriMore.Logistics.Domain">
        <column name="Demand2TcId"/>
      </many-to-many>
    </set>
    <!-- endregion DemandToTCs (Customizable code) -->
  </class>
</hibernate-mapping>