﻿<?xml version="1.0" encoding="utf-8" ?>
<hibernate-mapping xmlns="urn:nhibernate-mapping-2.0">
  <!-- region Species (Customizable code) -->
  <class name="AgriMore.Logistics.Domain.Species, AgriMore.Logistics.Domain" table="`Species`" lazy="false">
    <cache usage="read-write"/>
    <!-- endregion Species (Customizable code) -->

    <!-- region Id (Customizable code) -->
    <id name="Uid" column="Uid" type="Int64" unsaved-value="0" access="field.camelcase">
      <generator class="identity"/>
    </id>
    <!-- endregion Id (Customizable code) -->

    <!-- region Name, Required (Customizable code) -->
    <property name="Name" type="String" not-null="true" access="field.camelcase"/>
    <!-- endregion Name, Required (Customizable code) -->

    <!-- region Gs1Code, Required (Customizable code) -->
    <property name="Gs1Code" type="String" not-null="false" access="field.camelcase"/>
    <!-- endregion Gs1Code, Required (Customizable code) -->

	  <!-- region LedgerCode, Required (Customizable code) -->
	  <property name="LedgerCode" type="String" not-null="false" access="field.camelcase"/>
	  <!-- endregion LedgerCode, Required (Customizable code) -->

	  <!-- region OtherCode, Required (Customizable code) -->
    <property name="OtherCode" type="String" not-null="false" access="field.camelcase"/>
    <!-- endregion OtherCode, Required (Customizable code) -->

    <!-- region ProdGroup (Customizable code) -->
    <many-to-one name="ProdGroup" class="AgriMore.Logistics.Domain.ProductGroup, AgriMore.Logistics.Domain" access="field.camelcase">
      <column name="ProdGrpId" />
    </many-to-one>
    <!-- endregion ProdGroup (Customizable code) -->
    
    <!-- region ProductRelations, Composite, Inverse (Customizable code) -->
    <set name="ProductRelations" cascade="all-delete-orphan" lazy="true" batch-size="100" inverse="true" access="field.camelcase">
      <cache usage="read-write"/>
      <key>
        <column name="SpeciesId"/>
      </key>
      <one-to-many class="AgriMore.Logistics.Domain.ProductRelationship, AgriMore.Logistics.Domain"/>
    </set>
    <!-- endregion ProductRelations, Composite, Inverse (Customizable code) -->

    <!-- region ColorLangs, Composite, Inverse (Customizable code) -->
    <set name="SpeciesLangs" cascade="all-delete-orphan" lazy="false" batch-size="100" inverse="true" access="field.camelcase">
      <cache usage="read-write"/>
      <key>
        <column name="SpeciesId"/>
      </key>
      <one-to-many class="AgriMore.Logistics.Domain.SpeciesLang, AgriMore.Logistics.Domain"/>
    </set>
    <!-- endregion ColorLangs, Composite, Inverse (Customizable code) -->
  </class>
</hibernate-mapping>