﻿<?xml version="1.0" encoding="utf-8" ?>
<hibernate-mapping xmlns="urn:nhibernate-mapping-2.0">
  <!-- region SpeciesLang (Customizable code) -->
  <class name="AgriMore.Logistics.Domain.SpeciesLang, AgriMore.Logistics.Domain" table="Species_Lang" lazy="false">
    <cache usage="read-write"/>
    <!-- endregion SpeciesLang (Customizable code) -->

    <!-- region Id (Customizable code) -->
    <id name="Uid" column="Uid" type="Int64" unsaved-value="0" access="field.camelcase">
      <generator class="identity"/>
    </id>
    <!-- endregion Id (Customizable code) -->

    <!-- region Name (Customizable code) -->
    <property name="Name" type="String" not-null="true" access="field.camelcase"/>
    <!-- endregion Name, Required (Customizable code) -->

    <!-- region LangCode (Customizable code) -->
    <property name="LangCode" type="String" not-null="true" access="field.camelcase"/>
    <!-- endregion LangCode, Required (Customizable code) -->

    <!-- region Species (Customizable code) -->
    <many-to-one name="Species" class="AgriMore.Logistics.Domain.Species, AgriMore.Logistics.Domain" access="field.camelcase">
      <column name="SpeciesId" />
    </many-to-one>
    <!-- endregion Species (Customizable code) -->
  </class>
</hibernate-mapping>