﻿<?xml version="1.0" encoding="utf-8" ?>
<hibernate-mapping xmlns="urn:nhibernate-mapping-2.0">
  <!-- region CategoryLang (Customizable code) -->
  <class name="AgriMore.Logistics.Domain.TreatmentCategoryLang, AgriMore.Logistics.Domain" table="treatmentcategory_lang" lazy="false">
    <cache usage="read-write"/>
    <!-- endregion CategoryLang (Customizable code) -->

    <!-- region Id (Customizable code) -->
    <id name="Uid" column="Uid" type="Int64" unsaved-value="0" access="field.camelcase">
      <generator class="identity"/>
    </id>
    <!-- endregion Id (Customizable code) -->

    <!-- region Name (Customizable code) -->
    <property name="Name" type="String" not-null="true" access="field.camelcase"/>
    <!-- endregion Name, Required (Customizable code) -->

    <!-- region LangCode (Customizable code) -->
    <property name="LangCode" type="String" not-null="true" access="field.camelcase"/>
    <!-- endregion LangCode, Required (Customizable code) -->

    <!-- region Category (Customizable code) -->
    <many-to-one name="TreatmentTypeCategory" class="AgriMore.Logistics.Domain.TreatmentTypeCategory, AgriMore.Logistics.Domain" cascade="save-update" access="field.camelcase">
      <column name="TreatmentTypeCategoryId" />
    </many-to-one>
    <!-- endregion Category (Customizable code) -->
  </class>
</hibernate-mapping>