<?xml version="1.0" encoding="utf-8" ?>
<hibernate-mapping xmlns="urn:nhibernate-mapping-2.0">
    <!-- region UnitOfMeasurement (Customizable code) -->
    <class name="AgriMore.Logistics.Domain.UnitOfMeasurement, AgriMore.Logistics.Domain" table="`UnitOfMeasurement`" lazy="false">
        <cache usage="read-write"/>
        <!-- endregion UnitOfMeasurement (Customizable code) -->

        <!-- region Id (Customizable code) -->
        <id name="Uid" column="Uid" type="Int64" unsaved-value="0" access="field.camelcase">
            <generator class="identity"/>
        </id>
        <!-- endregion Id (Customizable code) -->

 
        <!-- region Name, Required (Customizable code) -->
        <property name="Name" type="String" not-null="true" access="field.camelcase"/>
        <!-- endregion Name, Required (Customizable code) -->

      <!-- region UnitOfMeasurementLangs, Composite, Inverse (Customizable code) -->
      <set name="UnitOfMeasurementLangs" cascade="all-delete-orphan" lazy="false" batch-size="100" inverse="true" access="field.camelcase">
        <cache usage="read-write"/>
        <key>
          <column name="UomId"/>
        </key>
        <one-to-many class="AgriMore.Logistics.Domain.UnitOfMeasurementLang, AgriMore.Logistics.Domain"/>
      </set>
      <!-- endregion ColorLangs, Composite, Inverse (Customizable code) -->
      
    </class>
</hibernate-mapping>