﻿<?xml version="1.0" encoding="utf-8" ?>
<hibernate-mapping xmlns="urn:nhibernate-mapping-2.0">
  <!-- region UpdateFixPriceSetting (Customizable code) -->
  <class name="AgriMore.Logistics.Domain.UpdateFixPriceSetting, AgriMore.Logistics.Domain" table="UpdateFixPriceSettings" lazy="false">
    <!-- endregion UpdateFixPriceSetting (Customizable code) -->

    <!-- region Id (Customizable code) -->
    <id name="Uid" column="Uid" type="Int64" unsaved-value="0" access="field.camelcase">
      <generator class="identity"/>
    </id>
    <!-- endregion Id (Customizable code) -->

    <!-- region TraderOrg (Customizable code) -->
    <many-to-one name="TradingOrg" class="AgriMore.Logistics.Domain.Organization, AgriMore.Logistics.Domain" cascade="none" access="field.camelcase">
      <column name="OrgId" />
    </many-to-one>
    <!-- endregion TraderOrg (Customizable code) -->

    <!-- region FromDate, Required (Customizable code) -->
    <property name="FromDate" type="DateTime" access="field.camelcase"/>
    <!-- endregion FromDate, Required (Customizable code) -->

    <!-- region ToDate, Required (Customizable code) -->
    <property name="ToDate" type="DateTime" access="field.camelcase"/>
    <!-- endregion ToDate, Required (Customizable code) -->

	  <!-- region AutomaticallyUpdateWithNew, Required (Customizable code) -->
	  <property name="AutomaticallyUpdateWithNew" type="Boolean" access="field.camelcase"/>
	  <!-- endregion AutomaticallyUpdateWithNew, Required (Customizable code) -->


	  <!-- region InvitedOrgs (Customizable code) -->
	  <set name="ForOrgs" table="UpdateFixPriceSettingOrganization" cascade="none" lazy="true" batch-size="100" access="field.camelcase">
		  <key>
			  <column name="UpdateFixpriceSettingId"/>
		  </key>
		  <many-to-many class="AgriMore.Logistics.Domain.Organization, AgriMore.Logistics.Domain">
			  <column name="OrgId"/>
		  </many-to-many>
	  </set>
	  <!-- endregion InvitedOrgs (Customizable code) -->
	  <!-- region SettingForAvaiableOrganization (Customizable code) -->
	  <set name="AvaiableForOrgs" table="UpdateFixPriceSettingAvaiableOrganization" cascade="none" lazy="true" batch-size="100" access="field.camelcase">
		  <key>
			  <column name="UpdateFixpriceSettingId"/>
		  </key>
		  <many-to-many class="AgriMore.Logistics.Domain.Organization, AgriMore.Logistics.Domain">
			  <column name="OrgId"/>
		  </many-to-many>
	  </set>
	  <!-- endregion SettingForAvaiableOrganization (Customizable code) -->
  </class>
</hibernate-mapping>