<?xml version="1.0" encoding="utf-8" ?>
<hibernate-mapping xmlns="urn:nhibernate-mapping-2.0">
  <!-- region User (Customizable code) -->
  <class name="AgriMore.Logistics.Domain.User, AgriMore.Logistics.Domain" table="`User`" lazy="false">
    <cache usage="read-write"/>
    <!-- endregion User (Customizable code) -->

    <!-- region Id (Customizable code) -->
    <id name="Uid" column="Uid" type="Int64" unsaved-value="0" access="field.camelcase">
      <generator class="identity"/>
    </id>
    <!-- endregion Id (Customizable code) -->

    <!-- region FirstName (Customizable code) -->
    <property name="FirstName" type="String" access="field.camelcase"/>
    <!-- endregion FirstName (Customizable code) -->

    <!-- region LastName (Customizable code) -->
    <property name="LastName" type="String" access="field.camelcase"/>
    <!-- endregion LastName (Customizable code) -->

    <!-- region PhoneNumLandline (Customizable code) -->
    <property name="PhoneNumLandline" type="String" access="field.camelcase"/>
    <!-- endregion PhoneNumLandline (Customizable code) -->

    <!-- region PhoneNumMobile (Customizable code) -->
    <property name="PhoneNumMobile" type="String" access="field.camelcase"/>
    <!-- endregion PhoneNumMobile (Customizable code) -->

    <!-- region Email (Customizable code) -->
    <property name="Email" type="String" access="field.camelcase"/>
    <!-- endregion Email (Customizable code) -->

    <!-- region Password (Customizable code) -->
    <property name="Password" type="String" access="field.camelcase"/>
    <!-- endregion Password (Customizable code) -->

    <!-- region Username (Customizable code) -->
    <property name="Username" type="String" access="field.camelcase"/>
    <!-- endregion Username (Customizable code) -->

    <!-- region UsingLang (Customizable code) -->
    <property name="UsingLang" type="String" access="field.camelcase"/>
    <!-- endregion UsingLang (Customizable code) -->

    <!-- region RegisterDate (Customizable code) -->
    <property name="RegisterDate" type="DateTime" access="field.camelcase"/>
    <!-- endregion RegisterDate (Customizable code) -->

    <!-- region IsActived (Customizable code) -->
    <property name="IsActived" type="Boolean" access="field.camelcase"/>
    <!-- endregion IsActived (Customizable code) -->

    <!-- region ActiveCode (Customizable code) -->
    <property name="ActiveCode" type="String" access="field.camelcase"/>
    <!-- endregion ActiveCode (Customizable code) -->

    <!-- region ChainEntity (Customizable code) -->
    <many-to-one name="ChainEntity" column="ChainEntityId" access="property" class="AgriMore.Logistics.Domain.ChainEntity, AgriMore.Logistics.Domain" />
    <!-- endregion ChainEntity (Customizable code) -->

    <!-- region Roles (Customizable code) -->
    <set name="Roles" table="UserRole" cascade="save-update" lazy="true" batch-size="100" access="field.camelcase">
      <cache usage="read-write"/>
      <key>
        <column name="UserId"/>
      </key>
      <many-to-many class="AgriMore.Logistics.Domain.Role, AgriMore.Logistics.Domain">
        <column name="RoleId"/>
      </many-to-many>
    </set>
    <!-- endregion Roles (Customizable code) -->
  </class>
</hibernate-mapping>