﻿<?xml version="1.0" encoding="utf-8" ?>
<hibernate-mapping xmlns="urn:nhibernate-mapping-2.0">
  <!-- region VatSetting (Customizable code) -->
  <class name="AgriMore.Logistics.Domain.VatSetting, AgriMore.Logistics.Domain" table="VatSettings" lazy="false">
    <cache usage="read-write"/>
    <!-- endregion VatSetting (Customizable code) -->

    <!-- region Id (Customizable code) -->
    <id name="Uid" column="Uid" type="Int64" unsaved-value="0" access="field.camelcase">
      <generator class="identity"/>
    </id>
    <!-- endregion Id (Customizable code) -->

    <!-- region ProductVat (Customizable code) -->
    <property name="VatDefine" type="Decimal" not-null="false" access="field.camelcase"/>
    <!-- endregion ProductVat, Required (Customizable code) -->

	  <!-- region Gs1Code, Required (Customizable code) -->
	  <property name="Gs1Code" type="String" not-null="false" access="field.camelcase"/>
	  <!-- endregion Gs1Code, Required (Customizable code) -->

	  <!-- region PaidLedgerCode, Required (Customizable code) -->
	  <property name="LedgerCode" type="String" not-null="false" access="field.camelcase"/>
	  <!-- endregion LedgerCode, Required (Customizable code) -->

    <!-- region ReceivedLedgerCode, Required (Customizable code) -->
    <property name="Type" type="Int32" not-null="false" access="field.camelcase"/>
    <!-- endregion ReceivedLedgerCode, Required (Customizable code) -->

	  <!-- region OtherCode, Required (Customizable code) -->
	  <property name="OtherCode" type="String" not-null="false" access="field.camelcase"/>
	  <!-- endregion OtherCode, Required (Customizable code) -->
	  
    <!-- region VatTextField (Customizable code) -->
    <property name="VatTextField" type="String" not-null="false" access="field.camelcase"/>
    <!-- endregion VatTextField, Required (Customizable code) -->

    <!-- region IsProductDef (Customizable code) -->
    <property name="IsProductDef" type="Int16" not-null="false" access="field.camelcase"/>
    <!-- endregion IsProductDef, Required (Customizable code) -->

    <!-- region IsPackageDef (Customizable code) -->
    <property name="IsPackageDef" type="Int16" not-null="false" access="field.camelcase"/>
    <!-- endregion IsPackageDef, Required (Customizable code) -->

    <property name="IsTreatmentDef" type="Int16" not-null="false" access="field.camelcase"/>

    <property name="IsDecomposeDef" type="Int16" not-null="false"/>

    <!-- region IsAddOnsDef (Customizable code) -->
    <property name="IsAddOnsDef" type="Int16" not-null="false" access="field.camelcase"/>
    <!-- endregion IsAddOnsDef, Required (Customizable code) -->

    <!-- region IsAddChargeDef (Customizable code) -->
    <property name="IsAddChargeDef" type="Int16" not-null="false" access="field.camelcase"/>
    <!-- endregion IsAddChargeDef, Required (Customizable code) -->

    <!-- region IsPackPriceDefOnly (Customizable code) -->
    <property name="IsPackPriceDefOnly" type="Int16" not-null="false" access="field.camelcase"/>
    <!-- endregion IsPackPriceDefOnly, Required (Customizable code) -->

    <!-- region IsPackRentDefOnly (Customizable code) -->
    <property name="IsPackRentDefOnly" type="Int16" not-null="false" access="field.camelcase"/>
    <!-- endregion IsPackRentDefOnly, Required (Customizable code) -->

    <!-- region IsPackDepositDefOnly (Customizable code) -->
    <property name="IsPackDepositDefOnly" type="Int16" not-null="false" access="field.camelcase"/>
    <!-- endregion IsPackDepositDefOnly, Required (Customizable code) -->

    <property name="ProductType" type="Int32" not-null="false" access="field.camelcase"/>
    
    <!-- region ForCountry (Customizable code) -->
    <many-to-one name="ForCountry" class="AgriMore.Logistics.Domain.Country, AgriMore.Logistics.Domain" access="field.camelcase">
      <column name="CountryId" />
    </many-to-one>

    <!-- region ProdGrpLangs, Composite, Inverse (Customizable code) -->
    <set name="VatSettingLangs" cascade="all-delete-orphan" lazy="false" batch-size="100" inverse="true" access="field.camelcase">
      <cache usage="read-write"/>
      <key>
        <column name="VatSettingId"/>
      </key>
      <one-to-many class="AgriMore.Logistics.Domain.VatSettingLang, AgriMore.Logistics.Domain"/>
    </set>
    <!-- endregion ForCountry (Customizable code) -->
  </class>
</hibernate-mapping>