﻿<?xml version="1.0" standalone="yes"?>
<Prognoses>
  <Prognose>
    <ID>23545</ID>
    <Teler>Janssen</Teler>
    <Afnemer>Univeg</Afnemer>
    <Gewas>Komkommer</Gewas>
    <Ras>NVT</Ras>
    <Sortering>40-50</Sortering>
    <Klasse>Klasse I</Klasse>
    <Kleur>Groen</Kleur>
    <Prognose>34567</Prognose>
    <Datum>12-8-2011</Datum>
  </Prognose>
  <Prognose>
    <ID>23546</ID>
    <Teler>Janssen</Teler>
    <Afnemer>Univeg</Afnemer>
    <Gewas>Komkommer</Gewas>
    <Ras>NVT</Ras>
    <Sortering>40-50</Sortering>
    <Klasse>Klasse I</Klasse>
    <Kleur>Groen</Kleur>
    <Prognose>4152</Prognose>
    <Datum>13-8-2011</Datum>
  </Prognose>
</Prognoses>
<!--
Teler = Producer
Afnemer = Buyer = Trading Company
Gewas is Product / Species
Ras = Variety
Sortering = Category
Klasse = Category Type
Kleur = Colour
Prognose = Expected Amount
Datum = Date = Available Date
“Greentek_Agrimore_Prognose.XML”.
-->