﻿<?xml version="1.0" encoding="utf-8" ?>
<GreenTek>
  <Colors>
    <color>
      <ID>1</ID>
      <Name>Rood</Name>
      <Desc>RED</Desc>
    </color>
    <color>
      <ID>2</ID>
      <Name>Groen</Name>
      <Desc>GREEN</Desc>
    </color>
    <color>
      <ID>3</ID>
      <Name>Geel</Name>
      <Desc>YELLOW</Desc>
    </color>
    <color>
      <ID>4</ID>
      <Name>Mix</Name>
      <Desc>COLOUR MIX</Desc>
    </color>
    <color>
      <ID>5</ID>
      <Name>Oranje</Name>
      <Desc>ORANGE</Desc>
    </color>
    <color>
      <ID>6</ID>
      <Name>Wit</Name>
      <Desc>WHITE</Desc>
    </color>
    <color>
      <ID>8</ID>
      <Name>Paars</Name>
      <Desc>VIOLET</Desc>
    </color>
    <color>
      <ID>9</ID>
      <Name>Bruin</Name>
      <Desc>BROWN</Desc>
    </color>
  </Colors>
  <Species>
    <specie>
      <ID>1</ID>
      <Name>Herfsttrostomaat</Name>
      <Desc>TOMATO</Desc>
    </specie>
    <specie>
      <ID>1</ID>
      <Name>Losse tomaat</Name>
      <Desc>TOMATO</Desc>
    </specie>
    <specie>
      <ID>1</ID>
      <Name>Trostomaat</Name>
      <Desc>TOMATO</Desc>
    </specie>
    <specie>
      <ID>1</ID>
      <Name>Cherry Tomaat</Name>
      <Desc>TOMATO</Desc>
    </specie>
    <specie>
      <ID>1</ID>
      <Name>Wleestomaat</Name>
      <Desc>TOMATO</Desc>
    </specie>
    <specie>
      <ID>2</ID>
      <Name>Komkommer</Name>
      <Desc>CUCUMBER</Desc>
    </specie>
    <specie>
      <ID>3</ID>
      <Name>Paprika</Name>
      <Desc>PAPRIKA</Desc>
    </specie>
    <specie>
      <ID>4</ID>
      <Name>Spruiten</Name>
      <Desc>BRUSSELS SPROUTS</Desc>
    </specie>
    
    <!--==============-->
    <specie>
      <ID>5</ID>
      <Name>Broccoli</Name>
      <Desc>BROCCOLI</Desc>
    </specie>
    <specie>
      <ID>6</ID>
      <Name>Pepers</Name>
      <Desc>PEPPER</Desc>
    </specie>
    <specie>
      <ID>7</ID>
      <Name>Radijs</Name>
      <Desc>RADISH</Desc>
    </specie>
    <!--==============-->
    <specie>
      <ID>8</ID>
      <Name>Leek</Name>
      <Desc>LEEK</Desc>
    </specie>
    <specie>
      <ID>9</ID>
      <Name>Witlof</Name>
      <Desc>CHICORY</Desc>
    </specie>
    <specie>
      <ID>10</ID>
      <Name>Bospeen</Name>
      <Desc>CARROT</Desc>
    </specie>
    <specie>
      <ID>11</ID>
      <Name>Aardbei</Name>
      <Desc>STRAWBERRY</Desc>
    </specie>
    <specie>
      <ID>12</ID>
      <Name>Allium ampeloprasum (verse knoflook)</Name>
      <Desc>GARLIC</Desc>
    </specie>
    <specie>
      <ID>13</ID>
      <Name>Andijvie</Name>
      <Desc>ENDIVE</Desc>
    </specie>
    <specie>
      <ID>14</ID>
      <Name>Appel</Name>
      <Desc>APPLE</Desc>
    </specie>
    <specie>
      <ID>15</ID>
      <Name>Asperge</Name>
      <Desc>ASPARAGUS</Desc>
    </specie>
    <specie>
      <ID>16</ID>
      <Name>Aubergine</Name>
      <Desc>EGGPLANT</Desc>
    </specie>
    <specie>
      <ID>17</ID>
      <Name>Bloemkool</Name>
      <Desc>CAULIFLOWER</Desc>
    </specie>
    <specie>
      <ID>18</ID>
      <Name>Bramen</Name>
      <Desc>BLACKBERRY</Desc>
    </specie>
    <specie>
      <ID>19</ID>
      <Name>Courgette</Name>
      <Desc>ZUCCHINI</Desc>
    </specie>
    <specie>
      <ID>20</ID>
      <Name>Framboos</Name>
      <Desc>RASPBERRY</Desc>
    </specie>
    <specie>
      <ID>21</ID>
      <Name>Chin. Kool</Name>
      <Desc>CABBAGE</Desc>
    </specie>
    <specie>
      <ID>22</ID>
      <Name>Sla</Name>
      <Desc>LETTUCE</Desc>
    </specie>
    <specie>
      <ID>22</ID>
      <Name>Ijsbergsla</Name>
      <Desc>LETTUCE</Desc>
    </specie>
    <specie>
      <ID>23</ID>
      <Name>Kiwi</Name>
      <Desc>KIWI</Desc>
    </specie>
    <specie>
      <ID>24</ID>
      <Name>Peer</Name>
      <Desc>PEAR</Desc>
    </specie>
    <specie>
      <ID>25</ID>
      <Name>Uien</Name>
      <Desc>ONION</Desc>
    </specie>
  </Species>
  <ProdTypes>
    <ProdType>
      <ID>1</ID>
      <Name>Herfsttrostomaat</Name>
      <Desc>AUTUMN VINE</Desc>
    </ProdType>
    <ProdType>
      <ID>2</ID>
      <Name>Losse tomaat</Name>
      <Desc>LOOSE</Desc>
    </ProdType>
    <ProdType>
      <ID>3</ID>
      <Name>Trostomaat</Name>
      <Desc>VINE</Desc>
    </ProdType>
    <ProdType>
      <ID>4</ID>
      <Name>Komkommer</Name>
      <Desc>NOT APPLICABLE</Desc>
    </ProdType>
    <ProdType>
      <ID>4</ID>
      <Name>Paprika</Name>
      <Desc>NOT APPLICABLE</Desc>
    </ProdType>
    <ProdType>
      <ID>4</ID>
      <Name>Spruiten</Name>
      <Desc>NOT APPLICABLE</Desc>
    </ProdType>
    <ProdType>
      <ID>5</ID>
      <Name>Bospeen</Name>
      <Desc>BOSPEEN</Desc>
    </ProdType>
    <ProdType>
      <ID>6</ID>
      <Name>Cherry Tomaat</Name>
      <Desc>CHERRY</Desc>
    </ProdType>
    <ProdType>
      <ID>7</ID>
      <Name>Ijsbergsla</Name>
      <Desc>ICEBERG</Desc>
    </ProdType>
    <ProdType>
      <ID>8</ID>
      <Name>Allium ampeloprasum (verse knoflook)</Name>
      <Desc>FRESH</Desc>
    </ProdType>
    <ProdType>
      <ID>9</ID>
      <Name>Chin. Kool</Name>
      <Desc>CHINESE</Desc>
    </ProdType>
    <ProdType>
      <ID>10</ID>
      <Name>Big Mini (K)</Name>
      <Desc>BIG MINI (K)</Desc>
    </ProdType>
    <ProdType>
      <ID>11</ID>
      <Name>Paprika</Name>
      <Desc>BLOK</Desc>
    </ProdType>
    <!--=============================================================Need to checked here==============-->
    <ProdType>
      <ID>12</ID>
      <Name>Trostomaat</Name>
      <Desc>PUNT</Desc>
    </ProdType>
    <ProdType>
      <ID>13</ID>
      <Name>Trostomaat</Name>
      <Desc>BUTTERHEAD</Desc>
    </ProdType>
    <ProdType>
      <ID>14</ID>
      <Name>Wleestomaat</Name>
      <Desc>BEEF TOMATO</Desc>
    </ProdType>
    <ProdType>
      <ID>15</ID>
      <Name>Trostomaat</Name>
      <Desc>CHILI</Desc>
    </ProdType>
    <ProdType>
      <ID>16</ID>
      <Name>Trostomaat</Name>
      <Desc>SURINAMESE</Desc>
    </ProdType>
  </ProdTypes>
  <CategoryTypes>
    <categoryType>
      <ID>2</ID>
      <Name>industrie</Name>
      <Desc>INDUSTRY</Desc>
    </categoryType>
    <categoryType>
      <ID>1</ID>
      <Name>klasse I</Name>
      <Desc>CLASS I</Desc>
    </categoryType>
    <categoryType>
      <ID>1</ID>
      <Name>klasse 1</Name>
      <Desc>CLASS I</Desc>
    </categoryType>
    <categoryType>
      <ID>3</ID>
      <Name>klasse II</Name>
      <Desc>CLASS II</Desc>
    </categoryType>
    <categoryType>
      <ID>3</ID>
      <Name>klasse 2</Name>
      <Desc>CLASS II</Desc>
    </categoryType>

    <categoryType>
      <ID>4</ID>
      <Name>Klasse 1-2</Name>
      <Desc>I-2</Desc>
    </categoryType>
    <categoryType>
      <ID>5</ID>
      <Name>Klasse 1-3</Name>
      <Desc>I-3</Desc>
    </categoryType>
    <categoryType>
      <ID>6</ID>
      <Name>1/1/2012</Name>
      <Desc>I-1</Desc>
    </categoryType>
    <categoryType>
      <ID>7</ID>
      <Name>1/2/2012</Name>
      <Desc>II-1</Desc>
    </categoryType>
    <categoryType>
      <ID>8</ID>
      <Name>2/2/2012</Name>
      <Desc>II-2</Desc>
    </categoryType>
  </CategoryTypes>
  <Categories>
    <category>
      <ID>21</ID>
      <Name>135-155</Name>
      <Desc>135-155</Desc>
    </category>
    <category>
      <ID>22</ID>
      <Name>155-185</Name>
      <Desc>155-185</Desc>
    </category>
    <category>
      <ID>9</ID>
      <Name>25-30</Name>
      <Desc>25-30</Desc>
    </category>
    <category>
      <ID>10</ID>
      <Name>30-35</Name>
      <Desc>30-35</Desc>
    </category>
    <category>
      <ID>11</ID>
      <Name>40/50 Lang</Name>
      <Desc>40/50 LANG</Desc>
    </category>
    <category>
      <ID>12</ID>
      <Name>40-50</Name>
      <Desc>40-50</Desc>
    </category>
    <category>
      <ID>13</ID>
      <Name>50-60</Name>
      <Desc>50-60</Desc>
    </category>
    <category>
      <ID>23</ID>
      <Name>50-70</Name>
      <Desc>50-70</Desc>
    </category>
    <category>
      <ID>14</ID>
      <Name>60-75</Name>
      <Desc>60-75</Desc>
    </category>
    <category>
      <ID>17</ID>
      <Name>60-80</Name>
      <Desc>60-80</Desc>
    </category>
    <category>
      <ID>18</ID>
      <Name>70-90</Name>
      <Desc>70-90</Desc>
    </category>
    <category>
      <ID>15</ID>
      <Name>75-90</Name>
      <Desc>75-90</Desc>
    </category>
    <category>
      <ID>19</ID>
      <Name>80-100</Name>
      <Desc>80-100</Desc>
    </category>
    <category>
      <ID>25</ID>
      <Name>80-1100</Name>
      <Desc>80-1100</Desc>
    </category>
    <category>
      <ID>20</ID>
      <Name>90-110</Name>
      <Desc>90-110</Desc>
    </category>
    <category>
      <ID>2</ID>
      <Name>A</Name>
      <Desc>A</Desc>
    </category>
    <category>
      <ID>3</ID>
      <Name>B</Name>
      <Desc>B</Desc>
    </category>
    <category>
      <ID>4</ID>
      <Name>BB</Name>
      <Desc>BB</Desc>
    </category>
    <category>
      <ID>16</ID>
      <Name>Big Mini</Name>
      <Desc>BIG MINI</Desc>
    </category>
    <category>
      <ID>24</ID>
      <Name>bont</Name>
      <Desc>BONT</Desc>
    </category>
    <category>
      <ID>5</ID>
      <Name>C</Name>
      <Desc>C</Desc>
    </category>
    <category>
      <ID>6</ID>
      <Name>fijn stek</Name>
      <Desc>FIJN STEK</Desc>
    </category>
    <category>
      <ID>7</ID>
      <Name>grof stek</Name>
      <Desc>GROF STEK</Desc>
    </category>
    <category>
      <ID>8</ID>
      <Name>Krom</Name>
      <Desc>KROM</Desc>
    </category>
    <category>
      <ID>1</ID>
      <Name>NVT</Name>
      <Desc>NOT APPLICABLE</Desc>
    </category>
    <!--=========-->
    <category>
      <ID>29</ID>
      <Name>10x500GR SORTERING</Name>
      <Desc>10x500GR SORTERING</Desc>
    </category>
    <category>
      <ID>30</ID>
      <Name>12-14 SORTERING</Name>
      <Desc>12-14 SORTERING</Desc>
    </category>
    <category>
      <ID>31</ID>
      <Name>12st SORTERING</Name>
      <Desc>12st SORTERING</Desc>
    </category>
    <category>
      <ID>32</ID>
      <Name>12x500GR SORTERING</Name>
      <Desc>12x500GR SORTERING</Desc>
    </category>
    <category>
      <ID>33</ID>
      <Name>14-16 SORTERING</Name>
      <Desc>14-16 SORTERING</Desc>
    </category>
    <category>
      <ID>34</ID>
      <Name>15st SORTERING</Name>
      <Desc>15st SORTERING</Desc>
    </category>
    <category>
      <ID>35</ID>
      <Name>15x400GR SORTERING</Name>
      <Desc>15x400GR SORTERING</Desc>
    </category>
    <category>
      <ID>36</ID>
      <Name>16-18 SORTERING</Name>
      <Desc>16-18 SORTERING</Desc>
    </category>
    <category>
      <ID>37</ID>
      <Name>18x500GR SORTERING</Name>
      <Desc>18x500GR SORTERING</Desc>
    </category>
    <category>
      <ID>38</ID>
      <Name>20st SORTERING</Name>
      <Desc>20st SORTERING</Desc>
    </category>
    <category>
      <ID>39</ID>
      <Name>ONGESORTEERD</Name>
      <Desc>ONGESORTEERD</Desc>
    </category>
    <category>
      <ID>40</ID>
      <Name>habanero</Name>
      <Desc>habanero</Desc>
    </category>
    <category>
      <ID>41</ID>
      <Name>jalapeno</Name>
      <Desc>jalapeno</Desc>
    </category>
    <category>
      <ID>42</ID>
      <Name>Adjuma</Name>
      <Desc>Adjuma</Desc>
    </category>
    <category>
      <ID>43</ID>
      <Name>Middel/Grof</Name>
      <Desc>Middel/Grof</Desc>
    </category>
    <!--=========-->

    <category>
      <ID>44</ID>
      <Name>Middel/Grof</Name>
      <Desc>2-4</Desc>
    </category>
    <category>
      <ID>45</ID>
      <Name>Middel/Grof</Name>
      <Desc>Dun</Desc>
    </category>
    <category>
      <ID>46</ID>
      <Name>Middel/Grof</Name>
      <Desc>extra kort(855)</Desc>
    </category>
    <category>
      <ID>47</ID>
      <Name>Middel/Grof</Name>
      <Desc>fijn</Desc>
    </category>
    <category>
      <ID>48</ID>
      <Name>Middel/Grof</Name>
      <Desc>kort</Desc>
    </category>
    <category>
      <ID>49</ID>
      <Name>Middel/Grof</Name>
      <Desc>kort grof dik(840)</Desc>
    </category>
    <category>
      <ID>50</ID>
      <Name>Middel/Grof</Name>
      <Desc>kort grof dun(845)</Desc>
    </category>
    <category>
      <ID>51</ID>
      <Name>Middel/Grof</Name>
      <Desc>lang</Desc>
    </category>
    <category>
      <ID>52</ID>
      <Name>Middel/Grof</Name>
      <Desc>Middel</Desc>
    </category>
    <category>
      <ID>53</ID>
      <Name>Middel/Grof</Name>
      <Desc>Schaal</Desc>
    </category>
    <category>
      <ID>54</ID>
      <Name>Middel/Grof</Name>
      <Desc>100-300</Desc>
    </category>
    <category>
      <ID>55</ID>
      <Name>Middel/Grof</Name>
      <Desc>200-400</Desc>
    </category>
    <category>
      <ID>56</ID>
      <Name>Middel/Grof</Name>
      <Desc>300-500</Desc>
    </category>
    <category>
      <ID>57</ID>
      <Name>Middel/Grof</Name>
      <Desc>400-600</Desc>
    </category>
    <category>
      <ID>58</ID>
      <Name>Middel/Grof</Name>
      <Desc>midden</Desc>
    </category>
    <category>
      <ID>59</ID>
      <Name>Middel/Grof</Name>
      <Desc>BB Fijn</Desc>
    </category>
    <category>
      <ID>60</ID>
      <Name>Middel/Grof</Name>
      <Desc>BBB</Desc>
    </category>
    <category>
      <ID>61</ID>
      <Name>Middel/Grof</Name>
      <Desc>22+</Desc>
    </category>
    <category>
      <ID>62</ID>
      <Name>Middel/Grof</Name>
      <Desc>25+</Desc>
    </category>
    <category>
      <ID>63</ID>
      <Name>Middel/Grof</Name>
      <Desc>27+</Desc>
    </category>
    <category>
      <ID>64</ID>
      <Name>Middel/Grof</Name>
      <Desc>30+</Desc>
    </category>
    <category>
      <ID>65</ID>
      <Name>Middel/Grof</Name>
      <Desc>35+</Desc>
    </category>
    <category>
      <ID>66</ID>
      <Name>Middel/Grof</Name>
      <Desc>40+</Desc>
    </category>
    <category>
      <ID>67</ID>
      <Name>Middel/Grof</Name>
      <Desc>30+</Desc>
    </category>
    <category>
      <ID>68</ID>
      <Name>Middel/Grof</Name>
      <Desc>45-65</Desc>
    </category>
    <category>
      <ID>69</ID>
      <Name>Middel/Grof</Name>
      <Desc>D</Desc>
    </category>
    <category>
      <ID>70</ID>
      <Name>Middel/Grof</Name>
      <Desc>65-85</Desc>
    </category>
    <category>
      <ID>71</ID>
      <Name>Middel/Grof</Name>
      <Desc>AA</Desc>
    </category>
    <category>
      <ID>72</ID>
      <Name>Middel/Grof</Name>
      <Desc>AAA</Desc>
    </category>
    <category>
      <ID>73</ID>
      <Name>Middel/Grof</Name>
      <Desc>extra grof</Desc>
    </category>
    <category>
      <ID>74</ID>
      <Name>Middel/Grof</Name>
      <Desc>Hol</Desc>
    </category>
    <category>
      <ID>75</ID>
      <Name>Middel/Grof</Name>
      <Desc>hol kort</Desc>
    </category>
    <category>
      <ID>76</ID>
      <Name>Middel/Grof</Name>
      <Desc>stuk/kop</Desc>
    </category>
    <category>
      <ID>77</ID>
      <Name>Middel/Grof</Name>
      <Desc>100-175</Desc>
    </category>
    <category>
      <ID>78</ID>
      <Name>Middel/Grof</Name>
      <Desc>175-225</Desc>
    </category>
    <category>
      <ID>79</ID>
      <Name>Middel/Grof</Name>
      <Desc>225-300</Desc>
    </category>
    <category>
      <ID>80</ID>
      <Name>Middel/Grof</Name>
      <Desc>300-400</Desc>
    </category>
    <category>
      <ID>81</ID>
      <Name>Middel/Grof</Name>
      <Desc>400-500</Desc>
    </category>
    <category>
      <ID>82</ID>
      <Name>Middel/Grof</Name>
      <Desc>500-600</Desc>
    </category>
    <category>
      <ID>83</ID>
      <Name>Middel/Grof</Name>
      <Desc>4 st</Desc>
    </category>
    <category>
      <ID>84</ID>
      <Name>Middel/Grof</Name>
      <Desc>6 st</Desc>
    </category>
    <category>
      <ID>85</ID>
      <Name>Middel/Grof</Name>
      <Desc>7 st</Desc>
    </category>
    <category>
      <ID>86</ID>
      <Name>Middel/Grof</Name>
      <Desc>8 st</Desc>
    </category>
    <category>
      <ID>87</ID>
      <Name>Middel/Grof</Name>
      <Desc>9 st</Desc>
    </category>
    <category>
      <ID>88</ID>
      <Name>Middel/Grof</Name>
      <Desc>10 st</Desc>
    </category>
    <category>
      <ID>89</ID>
      <Name>Middel/Grof</Name>
      <Desc>roosjes</Desc>
    </category>
    <category>
      <ID>90</ID>
      <Name>Middel/Grof</Name>
      <Desc>12 st</Desc>
    </category>
    <category>
      <ID>91</ID>
      <Name>Middel/Grof</Name>
      <Desc>14 st</Desc>
    </category>
    <category>
      <ID>92</ID>
      <Name>Middel/Grof</Name>
      <Desc>16 st</Desc>
    </category>
    <category>
      <ID>93</ID>
      <Name>Middel/Grof</Name>
      <Desc>20 st</Desc>
    </category>
    <category>
      <ID>94</ID>
      <Name>Middel/Grof</Name>
      <Desc>20-25</Desc>
    </category>
    <category>
      <ID>95</ID>
      <Name>Middel/Grof</Name>
      <Desc>110-135</Desc>
    </category>
    <category>
      <ID>96</ID>
      <Name>Middel/Grof</Name>
      <Desc>120-135</Desc>
    </category>
    <category>
      <ID>97</ID>
      <Name>Middel/Grof</Name>
      <Desc>185-210</Desc>
    </category>
    <category>
      <ID>98</ID>
      <Name>Middel/Grof</Name>
      <Desc>210-240</Desc>
    </category>
    <category>
      <ID>99</ID>
      <Name>Middel/Grof</Name>
      <Desc>60-70</Desc>
    </category>
    <category>
      <ID>100</ID>
      <Name>Middel/Grof</Name>
      <Desc>70-80</Desc>
    </category>
    <category>
      <ID>101</ID>
      <Name>Middel/Grof</Name>
      <Desc>21+</Desc>
    </category>
    <category>
      <ID>102</ID>
      <Name>Middel/Grof</Name>
      <Desc>23+</Desc>
    </category>
    <category>
      <ID>103</ID>
      <Name>Middel/Grof</Name>
      <Desc>28+</Desc>
    </category>
    <category>
      <ID>104</ID>
      <Name>Middel/Grof</Name>
      <Desc>31+</Desc>
    </category>
    <category>
      <ID>105</ID>
      <Name>Middel/Grof</Name>
      <Desc>33+</Desc>
    </category>
    <category>
      <ID>106</ID>
      <Name>Middel/Grof</Name>
      <Desc>34+</Desc>
    </category>
    <category>
      <ID>107</ID>
      <Name>Middel/Grof</Name>
      <Desc>37+</Desc>
    </category>
    <category>
      <ID>108</ID>
      <Name>Middel/Grof</Name>
      <Desc>39+</Desc>
    </category>
    <category>
      <ID>109</ID>
      <Name>Middel/Grof</Name>
      <Desc>41+</Desc>
    </category>
    <category>
      <ID>110</ID>
      <Name>Middel/Grof</Name>
      <Desc>45+</Desc>
    </category>
    <category>
      <ID>111</ID>
      <Name>Middel/Grof</Name>
      <Desc>47+</Desc>
    </category>
    <category>
      <ID>112</ID>
      <Name>Middel/Grof</Name>
      <Desc>50+</Desc>
    </category>
    <category>
      <ID>113</ID>
      <Name>Middel/Grof</Name>
      <Desc>100-150</Desc>
    </category>
    <category>
      <ID>114</ID>
      <Name>Middel/Grof</Name>
      <Desc>150-200</Desc>
    </category>
    <category>
      <ID>115</ID>
      <Name>Middel/Grof</Name>
      <Desc>200+</Desc>
    </category>
    <category>
      <ID>116</ID>
      <Name>Middel/Grof</Name>
      <Desc>BB Grof</Desc>
    </category>
    <category>
      <ID>117</ID>
      <Name>Middel/Grof</Name>
      <Desc>Dik</Desc>
    </category>
    <category>
      <ID>118</ID>
      <Name>Middel/Grof</Name>
      <Desc>Zeer Grof</Desc>
    </category>
    
    
    
  </Categories>
  <Uoms>
    <uom>
      <ID>19</ID>
      <Name>Komkommer</Name>
      <Desc>Spice</Desc>
    </uom>
  </Uoms>
</GreenTek>